.....((((.(((((....))....))).(((....))).)).))....((((.(((....)...)).(((....))).))..))....................,60,105,,,,,,
seq,source,t,hd,md,fe,ed,attempts,50
UCACAGGGAAGGAGCCCACGCAAAAUCCCCCUCCUAAGGGUCCCUAAAGGGUGAGCAUAAUUAAAGCAUCGAAACCGACCACACCGACAUGGCUAUAACGUAAAG,RNAinverse,7.075,14,3.637,-20.8,0.156,2,
---, MODENA,60.013,,,,,,
---, NUPACK,60.015,,,,,,
CACGAGGCCACGGGAGGUUUUCUAACCGAUCAUGAUUGACGGCCUGACUCCACACCAAGGCUAGAGGACCCAAAAGGGGGUAGGGACAUCCUUUAUAAAAAGGGA,antaRNA,38.925,32,10.374,-29.1,0.186,1,
CAAACGCCCACCCCGAAAACGAAAAGGGCGGCCAAAGCCCGGAGCACCGGCGCCGGCCACUGAAUCCGGGGCCGCCCCCGCGUGCGUAUGAUAUAAAAAAUAUAA,rnaMCTS,60.251,56,15.873,-37.5,0.287,1,
AUAAACCCCACGCGCAAAAGCAAAGGCGAACCAAAAGGUAGGAGGAAGAGCCGAGCCGAAAGAAAGCACCCAAAAGGGACGAAGCAAAAGAAAAAGAAAAGAAAA,LEARNA,50.962,0,0,-17.7,0.174,826,
AAGAAGCGGAGCGGCAAAAGCACAACGCACCAAAAAUGGACCAGCAAAACCGGAGGCAAAAGGAGCCAGCCAAAAGGCACCAAGGAAAAAAGAAAGGAAGAAGAG,rlfold,53.807,6,2.594,-20.4,0.126,345,
UAUAAGCCAAGCAACGAUAGUAACAUGCAGGCGUUAGCCAUGAGCAACACCCAAGCCGUUAGGAAGCAAGCGUUAGCUAUGCAGGACCAAACACACACAAAUAUA,mrlfold,43.525,8,2.371,-19.5,0.151,179,
AAGAAGGGGAGCCGCAAAAGCGAAAGGCAGCAGAAAUGCACCACCAAAAGCGCAGGCAAAAGAGACCAGCCAAAAGGCAGCAAGCAAAGAAGAAGGAGAAAGCAA,brlfold,58.835,2,0.685,-22.8,0.126,609,
,,,,,,,,
((((((.((((((....)))))).(((....))).(((....))).((((((....)))))).(((....))).((((((....)))))).(((....))).(((....))).((((((....)))))).(((....))).((((((....)))))).(((....))).(((....))).((((((....)))))).(((....))).((((((....)))))).(((....))).(((....))).((((((....)))))).(((....))).((((((....)))))).(((....))).(((....))).((((((....)))))).)))))),60,337,,,,,,
seq,source,t,hd,md,fe,ed,attempts,51
---, RNAinverse,60.076,,,,,,
---, MODENA,60.014,,,,,,
---, NUPACK,60.015,,,,,,
---, antaRNA,60.019,,,,,,
CAUGGACGCGGGCACAAGCCCGCCUAUCCCCAUACAAACCACUUUCAAUUAUCCACAUAAUUCUAACCCCUUAGGGGCGCAUUUGCGCCCAAUACCCCUAUCAAUGCCAAUUACGGGGCCCCGGCCCCGCAAUCCCGAUUCGGGGCCUAACGGCCCCAAUACCCGUAUAAAUACAAAUUCAUAUAACCCCUUAUAUGAUUCCAUAAUACUGCGCCCCCGCGCAGCAUUCCCCAAUCUAUCCCGAUAAUAAUUUAACCAAAUUAAUUUGCCCAAAAGAGCGGAUAACCGCUCAAAUAAUUAUUAUAUAUAAAUAAGUCCGGUAAACCGGACAUCCAUG,rnaMCTS,62.217,117,38.194,-106.4,0.232,1,
CCCGGCACCCCCCGAAAGGGGGGGCCCAGGAGGGACCCAAAAGGGAGCCCCCGAAAGGGGGCAGGCAAAAGCCACCCCGCAGGAGCGGGGACCGGAAACGGACCAAAAAUGGAGCCCCGAAAACGGGGCACGCAAAAGCGACGCCGCAAAAGCGGCGCCCCAAGAGGGAGCCAAAAGGCACCCACAAAAAUGUGGGAGCCAAACGGCACACACCGGAAGGUGUGACCGAAAACGGACCCAAGGGGGACACGCCAGAAGGCGUGACCGGAAACGGACCGCCGAAAACGGCGGACGCAUAGGCGACCCAAAGGGGACACCCCAAAAGGGGUGAGCCGGG,LEARNA,27.343,26,18.749,-210.3,0.084,126,
GCCGGGAGGGGAAACGAUUCCCCAGCGGAAACGCACCGGGGACGGAGCCAGCAAAAGCUGGCACCCAAGAGGGAGGCAAGAACACUUGCCACCGGAAACGGACCCAAGAGGGAGCCAGAAAAAUCUGGCAGCGAAAACGCAGGCAGACCAAUCUGCCACCCAGAAGGGACCCAGGAGGGAGGCAAGCAAACUUGCCACCACGAAUGGAGGCGAGCAAACUCGCCCGCCGAAAGGCACCCACAAGGGAGGCAGCAAAAGCUGCCGCCCGAAAGGGAGCGAAGGAAACUUCGCACCCAGAAGGGAGCGGAGACGCACCCAGCAAAAGCUGGGACCCGGC,rlfold,39.757,24,16.385,-198.1,0.104,53,
CCGACGAGGAGACGUUAGUCUCCAGGCGUUAGCCAGGCGAUAGCCAGGAAGCGUAAGCUUCCAACCGAUAGGUACGAAGCGUAAGCUUCGAAGCGAUAGCUAAGCGAUAGCUAGGAAGCGUAAGCUUCCAGGCGAUAGCCAGGAACCCUAAGGUUCCAAGCGAUAGCUAGGCGAAAGCCAGGAAGCGUAAGCUUCCAACCGAUAGGUAGGGACCGUUAGGUCCCAAGCGUUAGCUAGGCGAUAGCCAGGAAGCGUAAGCUUCCACACGAUAGUGAGGGAGCGUAAGCUCCCACCCGUUAGGGAAGCGUUAGCUAGGAACCGUAAGGUUCCACGUCGG,mrlfold,11.069,34,18.601,-190.9,0.163,9,
CCGGGGAGGGGAGGGGACUCCCCAGCGGGAACGCAGCCGGAAGGCAGGCAACGAAAGUUGCCAGCCGCGAGGCAGCCAACGAAAGUUGGCACCCGCAAGGGAGCCGCAAGGCAGGCAACGGAAGUUGCCAGCCGGGAGGCAGCCAACAAAAGUUGGCACCCGCAAGGGAGCCCAAAGGCAGCCAAGGAAACUUGGCACCCGGAAGGGAGGCAACGAAAGUUGCCACCCGGAAGGGACCCGGAAGGGAGGCAACAAAAGUUGCCAGCCGGAAGGCAGCGAACGCAAGUUCGCAGCCGGAAGGCACCCGAAAGGGACGCGGCAAAAGCCGCGACCCCGG,brlfold,6.57,8,5.436,-238.1,0.095,21,
,,,,,,,,
.((......((......))......((......((......))......((......))......))......)).....,60,80,,,,,,
seq,source,t,hd,md,fe,ed,attempts,52
CCGGUACACAGGAACUACUAAACACCCAGGAACGUUAAGAUACAUACACGCACGGGAGCUAACAAGGGGAAUACGGAUUA,RNAinverse,26.764,4,0.665,-9.9,0.158,8,
---, MODENA,60.018,,,,,,
---, NUPACK,60.018,,,,,,
AUGCCCAUCGAUUUUAUUCUUUUCAGGGUCCCCCGCCCCAGCGAUAGACUCACGCUCGAACAUCCUCUACUACUACUACC,antaRNA,59.956,20,4.24,-10,0.263,2,
AGCAAACCCCCAACCCAGGAAAAAACGAACCCACCAAACCAGGACCAAACCAAACUAGGAUAAAACGACCGAAGCCCACU,rnaMCTS,2.561,0,0,-5.5,0.136,1,
ACCAAAAAACCAGAAAAGGAAAAAACCAAAAAAGCAAAAAAGCAAAUAACCAAAAAAGGAAAAAAGGAAAAAAGGAAAAA,LEARNA,1.306,0,0,-7.8,0.034,1,
AGGAAAAAAGGGAAGAACCAAAAAAGCAAAAAAGGGCAGAACCAAAAAAGCACGAAAGCAAAAAAGCAAAAAACCAAGAA,rlfold,0.134,0,0,-10.6,0.03,1,
ACCGAAAAAGGGGAUUACCAAAAAACCGAAGAAGGGAAUUACCAAAAAACGGAAUUACGAAUAUAGGAAUAUAGGGAAUU,mrlfold,0.217,0,0,-10,0.257,1,
AGCAAAAAAGCGAAGAAGCAAAAAAGCAAAAAAGGGAAAAACCAAAGAAGCACAAAAGCAAAGAAGCAAAAAAGCAAGGG,brlfold,0.071,0,0,-10.9,0.072,2,
,,,,,,,,
.......((.........((.........((.........((.........((.........((.........((.........((.........((.........((.........((.........((.........((.........((.........((.........((.........((.........((.........)).........)).........)).........)).........)).........)).........)).........)).........)).........)).........)).........)).........)).........)).........)).........)).........)).........))......,60,400,,,,,,
seq,source,t,hd,md,fe,ed,attempts,53
---, RNAinverse,60.076,,,,,,
---, MODENA,60.016,,,,,,
---, NUPACK,60.019,,,,,,
---, antaRNA,60.022,,,,,,
AGCGGCCGCCGCAAAAACGGAAAAAAAAAGCAAAAGGCGGGGAAAAAAACACCAAACAGACAGCGAAGGAAAACCCAAUACACCCGAAAAGAAAAGCACCAAACAACCCAAAAAUAAGGCAAAAGCGACGAAUAAAAAACGAAAAAAAAAGGAAACCAAAACCAAUAAAAGGGCAAAGGAGAAGCAAGAAAAAACGCCGAAAAAGCGAAAUACCCGGCAAAACCCCAGCAAAAAAAAAGGAAAAAUAACCCAUAGGCCGCCGAAAUAAAGCCGCAAACCCGCCCGAACAAACGGGAAAUAGAUAGCAAAAAAAAGCGCCGGGCAAAGGAAAAUACACGCGGAAAAAACGGGCGACCGCGCCGCAAAAAAAGCCGCGGCACGCCGCAAUAAUAGCACACUA,rnaMCTS,61.138,119,17.868,-86.19,0.097,1,
AGAAAAACCAGAAAAAAACCAAAAAAAAACCAAAAAAAAGCCGAAAAAAAACCAAAGAAAAACCAAAAAAAAACCAAAAAAAAACCAAAAAAAAGCCAAAAAAAGACCAAAAGAAAACCAAAAAAAAACCAAAGAAAGACCAAAAAAAAACCAAAAAAAAACCAAAAAAAGACCAAAAAAAAACCAAAAAGAAACCAAAAAAAAAGGAAAAAAAAAGGAAAAAAAAAGGAAAAAAAAAGGAAAAAAGAAGGAAAGAAAGAGGAAAAGAAAAGGAAAAAGAAAGGAAAAAAAAAGGAAAAAAAAAGGAAAAAAAAAGGAAAAAAAAAGGAAAAAAAAAGGAAAAAAAAAGGAAAAAAAAAGGAAAAAAAAAGGAAAAAAAAGGGAAAUGAAAAGGAGAAAA,LEARNA,3.639,0,0,-7.29,0.159,7,
AAGGAAAGGAAAAAAAAAGGAAAAAAAAAGGAAAAAAAAAGGAAAAAAAAAGGAAAAAGAAAGGAACAAAAAAGGGAAAAAAAAGGAAAAAAAAAGGAAAAAAAAAGGAAAAAAAAAGGAAAAAAAAAGGAAAAAAAAAGGAAAAAAAAAGGAAAAAAAAAGGACAAAAAAAGGAAAAAAAAAGGAAAAAAAAAGCGAAAACAAAGCAAAAAAAAACCAAAAAAAAACCAAAAAAAAACCAAAAAAAAACCAAAAAAAAACCAAAAAAAAACCAAAAAAAAACCAAAAAAAAACCAAAAAAAAACCAAAAAAAAACCAAAAAAAAACCAAAAAAAAACCAAAAAAAAACCAAAAAAAAACCAAAAAAAAACCAAAAAAAAACCAAAAAAAAACCAAGGAA,rlfold,1.838,0,0,-5.09,0.162,2,
UAUAAAACCGAUAAAAAAGCGAAAAAAUAGGGAAAAAAUAGGGAAAAAAUAGGGACAAAAUAGCGAAAAAAUACCGACAAAAUAGCGAAAAAAUAGGGACAAAAUAGCGAAAAAAUAGGGAAAAAAUACCGACAAAAUACCGAAAAAAUAGGGAAAAAAUAGGGACAAAAUAGCGAAAAAAUACCGAAAAAAAAGGGCAUUAAUACCGAAAAAAUAGGAAUAAAAUAGCGAAAAAAUACCGACAAAAUACCGAUAAAAUAGGGAAAAAAUAGGAACAAAAUACCGAAAAAAUAGCGAAAAAAUACCGAAAAAAUAGCAUAAAAUUAGGGAGAAAAUAGCACAAAAAUACCGAUAAAAUACCGAUAAAAUACCGAUAAAAUAGCAUAAAAAAAGGGACUUA,mrlfold,6.794,0,0,-36.39,0.038,5,
AAGGAAAGCAAAAAAAAAGCAAAAAAAAAGCAAAAAAAAAGGGGAAAAAAAGGAAAAAAAAAGCGGAAAAAAAGGAAAAAAAAAGCAAAAAAAAAGCAAAAAAAAAGCGGAAAAAAAGGGGAAAAAAAGGAAAAAAAAAGGGGAAAAAAAGGAAAAAAAAAGGAAAAAAAAAGCAAAAAAAAAGGAAAAAAAAAGCGAAAAAAAAGCAAAAAAAAACCAAAAAAGAAGCAAAAAAAAACCAAAAAAAAACCAAAAAAAAACCAAAAAAAAACCAAAAAAAAACCAAAAAAAAAGCAAAAAAAAAGCAAAAAAAAAGCAAAAAAAAACCAAAAAAAAAGCAAAAAAAAACCAAAAAAAAACCAAAAAAAAAGCAAAAAAAAAGCAAAAAAAAAGCAAGGAA,brlfold,8.415,10,2.723,-16.5,0.136,23,
,,,,,,,,
(((((((((....)))))(((((....)))))(((((....)))))(((((....)))))(((((....)))))(((((....))))))))),60,92,,,,,,
seq,source,t,hd,md,fe,ed,attempts,54
AGUCGGCUGUUCGCAGCCGCGGGUAAUCCCGUGCGGUCGAAACCGCCACCCCGCUGGGUGUUCCAUCCGUGGAGCCCUGUAGACAGGGGACU,RNAinverse,6.238,0,0,-45,0.188,12,
---, MODENA,60.018,,,,,,
---, NUPACK,60.019,,,,,,
ACACCAAACACAAGUUUGACCCAUAAGUGGGUGGCCUUUGUAGGCCAAGAGUUCACUCUUCGUCCUCCUGGAUGAUUGCCGAUGCAGUGUGU,antaRNA,41.029,0,0,-32.6,0.132,7,
CACGGAACGAAAUCGUUCGGAGCUAAAGCUCCGUGCGUUAACGCACGGGGGAUAUCCCCCACUGAUAUUUCAGUAGCUUAUAAAAGCUCGUG,rnaMCTS,0.016,0,0,-45.4,0.027,1,
GCUCGCCAGAGGACUGGCGCGCCAAAAGGCGCCCCGCUAGAGCGGGCCGCCAAAAGGCGGCCGCCAAGAGGCGGGGCCCAAGAGGGCCGAGC,LEARNA,1.684,0,0,-60.4,0.116,3,
GGGGGGGGAAAGAUCCCCGCGCGAACACGCGCGCGGAGACAUCCGCGCGCCCAAAGGCGCGCCCGAGAACGGGCGCCGAAAAAUCGGCCCCC,rlfold,1.769,0,0,-59.2,0.12,9,
GGGGGGGGCGUUAGCCCCGGAGCGUUAGCUCCGGGCCGUUAGGCCCGGACCGUUAGGUCCGGAACGAAAGUUCCGCAACGUUAGUUGCCCCC,mrlfold,1.305,0,0,-65.1,0.008,5,
CGGGGGCGGGAAACCGCCGCGGGGAAACCCGCCCGGGGACACCCGGCCGGGGGGACCCGGGCGACCACAGUCGCCCCAGAAACCUGGGCCCG,brlfold,0.083,0,0,-68.9,0.022,3,
,,,,,,,,
.....((((((((((....)))(((....((((.(((.....))).((((((......)))...))))))))))))).))))....................,60,102,,,,,,
seq,source,t,hd,md,fe,ed,attempts,55
CUCCACGCCCUAGUCUUAUGACCGGUUCCUCAGGUAAUUGUUUUACAGCGGGAGUAAACCCUAAGCUCUGACCGUAGUGGCGAGUCGACAUUUUCAAAGCGC,RNAinverse,52.204,2,1.119,-23.5,0.182,8,
---, MODENA,60.018,,,,,,
---, NUPACK,60.022,,,,,,
CACUCGGCCACCUCAUCUUUGACGUUCAAUUCACUUUUCGGAAAACCACUCCCUGGAGGGAUGUGUGUGAAACGGGUAGGCCCUUCACUGACAGAAUUCUCC,antaRNA,55.798,25,10.214,-25.4,0.193,1,
AAAAACGCGCGCCGGAAUUCCGGGGUAAACGGCAGCGUUUAACGCAGGAGGGAAAAAACCCGAAUCCGCCGCCCGCGUCGCGAAAAAAUAUUUAUAAUAUAA,rnaMCTS,1.766,0,0,-36.9,0.055,1,
CAGAACCGCCGCGCCAAAUGGCCCCAAAAGCGCAGCCAGAAAGGCACGCCCCAGUAAAGGGAAAGCGGCGCGGGGCGAGCGGAAAAAAAAAAAAAAAAAAUA,LEARNA,1.742,0,0,-39.6,0.029,1,
AAGAAGCGCGGGGGCACAAGCCGCGAAAACGGGACGCGAAAAGCGAGCCGACAAAAAAGUCGAGGGCCCCGCGCCCCAGCGCAAGAAGAAGAAGAAGAAGAG,rlfold,0.227,0,0,-35.9,0.245,1,
UAUAACCGGGCAGACGAUAGUCGCCGAGAAGCGAGGCGAAUAGCCAGGAACAGUAAUAUGUAAAUCCCGCUGGCUGCACCGGACCGACACAGAUAAAUAAUU,mrlfold,28.43,0,0,-31,0.043,78,
AAGAAGGGCGGCACCGAAAGGUGGCAAAAGCGCAGGCGAAAAGCCAGGCGGCGAAAAAGCCAGAGCCGCGCGCCGCCAGCCCAAGAAGAAGAAGAAGAAGAA,brlfold,0.679,0,0,-45.7,0.02,8,
,,,,,,,,
(((((((((((.(((((..(((((....((((((..(((((...(((((..((((((.((((((((((((((....))))))))))))))..(((....))).(((((((((....)))))))))..(((((....))))).)))))).))))).))))).))))))...((((((((.....))).)))))..((((((((((((((((((((((((....)))))))))))))).))))))))))...(((((......)))))((((((((((....))))))))))...((((....))))..)))))..))))).((((.(((.(((....)))))))))).(((((((((....))))).)))).)))).))).))))...,60,387,,,,,,
seq,source,t,hd,md,fe,ed,attempts,56
UUAUGCUGGGAACGUCAUCCUUCUGCAGUUGGCGUUUAAGUACCGUGUUGGGCGUACCGGUACGCUUAGGGGGUCACUUUUAAGUGUAUUUCAGGCCAUCCUUGUUUUUAGAUCUAUCUGGAAACCAAAUAUCCAUAUAUUAGUACGUGAACGCAAUUUAUCGCUAGGAUGUGUUUGCGUUUGGCAGGACACUUCCUUCGAAGUAGUCUUUAACGUGUAGUCAUACGUUAAAGGUUAAUUUCGAAGGUUUUACCUAGGUGGGGGUAAGUUUCCUUUGGAGGGGGGAGGCUCGCGUGGCGCUCCACAAAGAAGUUUGAUGACAUACUGAUGGUAGGCACUUCAUAUGACCCGGUUCUUCAUGGAACACGGGGUCUUGAGCUAUAAAGC,RNAinverse,10.282,76,29.399,-135.6,0.462,1,
---, MODENA,60.019,,,,,,
---, NUPACK,60.023,,,,,,
---, antaRNA,60.023,,,,,,
ACCGCCGCAGCACCGCGAUUAGUAAUUACCAGCCUUCCCUGUUUCUGUCAAGUCGCUACCUCUCCGCAGUCUAUAAAGACUGCGGAGAGGAACCUUAUAAGGACGGGGUGCUUUUUAGCACCCCGAAUUUACUAUAGUAAAAAGCGACAGACAGUCAGGGUGGCUGGAUUGGGUCCAUAAAAAAUGUGACCCUUGGGGCCCGUGGUGUCGACUAAGCGUAAUCGCUUAGUCGACACUCACGGGCCCCUAUGGCUCUAUAUUGAGCCUUCGGACGGUAUUAACCGUCCGAAUAUUGAUAAUUAUCAUAUACUAUACGCGGAGGGGUCACACUGUAUACAGGUGCCCCAGAGCUUCCGUUAACGGAAUGCUCAGCUGUCGGUCGGUUAU,rnaMCTS,35.842,0,0,-235.6,0.036,1,
CACCCACGCGCACGCCCAACUCAUAAAACCCCGUGACCCCCAAACCCCCAAGCCCCCAACAGGCCCACCCCCUGAAGGGGGUGGGCCUGUAACCCGAAAGGGACCCGCCCCCUGAAGGGGGCGGGAGCCGCUAAGAAGCGGAGGGGGCAGGGGGAGGGGGAACGGGGAAACCCCCCCCAAAAAGGGAGGGGGAAACCACCCCCCGCUCCACGCCCCCCAAAAGGGGGGCGUGGAGCAGGGGGGUGGUAAACGGCGAAAAAACGCCGCGCCCCGCCAAAAAUGGCGGGGCGAAACCCAAAAAUGGGAAAUGAGAAGGGCGACCCCACCCAGCGAAAACGCGGGGGGGACCUCCGCAAAAACUUGCGAGAGGAGCGCGGUGAGGUGAAA,LEARNA,3.601,0,0,-295.7,0.023,3,
GGCGAGAAGAGAGCAGGAACGAGGAAAAGCGAGGAAGCAGGAAAGCACGAAGCAAGGAGGAGAGCAAGAAACCCAAGUUUCUUGCUCUCCAAGCCGGAAGGCAGGCAGAAAAAAAAUUUUCUGCCAAGCCCAACCAUGGGCGCCUUGCACGUGCACCUGCACCUCGCAAAGCGGAAACAAAAAGUUAUCCGCAACCGAGGCCAGAGGCAGCCAAAAGGAGCGCCUUUUGGCUGCCUACUGGCCUCGGAAAGCGGGAACAAACCCGCGCGCACCAAAAAAAUUUGGUGCGCAAACCCCGAAAGGGGAACCUCGGACCUGCACCGAAGGGAGCAAAAAUGCCCCUCGGAGGGGGGGGACCAAUCCCCACCCCACUCUAUCUACGCCAAG,rlfold,1.093,0,0,-254.6,0.016,1,
ACCCCGACACGACCCCCGAGCACCGAGAGCACACGACCACCGAACCACCGAGCCACGAGGACCAACGAAAACGUUAGUUUUCGUUGGUCCAAGCCGUUAGGCAGGGGGAGACGUUAGUCUCCCCCAACCAACAAUAGUUGGACGUGGCAGGUGGAGGUGGAGUGUGCAAAGGGGGAGCGUUUAGCUACCCCCAACCCACACAGACCGGCCACCAGAGCGUUAGCUCUGGUGGCCGGAUCUGUGUGGGAAAGGGGGGUACAACCCCCGGAACAGAGCGUUAGCUCUGUUCCAAACAGCGAUAGCUGAAGGUGCGAGGGGGAGGCAAGCAAGACGUUAGUCUGCUGCCACCACCAAACGUUAGUUUGAGUGGACGUGAUCGAGGGUAUU,mrlfold,1.415,0,0,-267.7,0.05,1,
GGCCGGCAAGGAGCAGCAAGGGGCAAAAGCAAGCAAGGAGGAAAGCAGCAAGCACGGAGGGACGCAGGCAACGCAAGUUGCCUGCGUCCCAAGCCAACAGGCAGGCAAGGACGAAAGUCCUUGCCAAGCCACGCAAGUGGCACCGUGCAGCUGCACCUCCCGCUUGCAAAGCAGCAACAAAAAGUUAGCUGCAAGCAAGGCAGCGGGAAGGCAAGGCCGCAAGGCCUUGCCUUCCCAGCUGCCUUGCAAAGCGGCAGAGAAGCCGCGCCGGCACACGAAAGUGUGCCGGCCAACCCCGAAAGGGGAAGCCCCGAGCUGCACCGCAGGAAGGCGAAAGCCUCCGCGGAGCCCGGGGCAAAAGCCCCAGGGCACCUUAGCCAGGCCAAG,brlfold,0.738,0,0,-303.6,0.006,1,
,,,,,,,,
((.(..(.(....).(....).)..).(....).)),60,36,,,,,,
seq,source,t,hd,md,fe,ed,attempts,57
GCAGGGCACUACGGGGGAAACAGAACAGGAAACAGC,RNAinverse,50.678,0,0,-5.5,0.114,58,
---, MODENA,60.024,,,,,,
AAAGAAUCGGCGACACAAAAGGAAACAGGAAACAUU,NUPACK,58.631,9,1.402,-3.7,0.05,8,
AGCACCACCAAACGACUCCCGAUACUGCAAUAGGUU,antaRNA,47.02,13,1.895,-0.3,0.264,8,
CCUGAACUGAAAUCACAUACGUGCGCUCUAAUGCGG,rnaMCTS,60.007,14,2.525,-4.6,0.097,1,
CCACAAGACAGGAGAGGAAACGCGAGACGAAGGAGG,LEARNA,11.356,5,0.752,-2.5,0.157,362,
GGAGGAGACGAAAGACGAAAGACGACACGAAAGACC,rlfold,2.225,0,0,-4.5,0.177,20,
CCAGGACAGGAUACACGAAAGAGGACAGGAUACGGG,mrlfold,49.096,5,0.455,-3.1,0.22,338,
GCAGGAGAGGAAACACGAAAGACGACACGAAAGAGC,brlfold,2.982,0,0,-5.4,0.09,56,
,,,,,,,,
((((.((((.(((....))).(((....))).(((....))).(((....))).(((....))).(((....))).)))).(((((......)))))(((....))))))),60,111,,,,,,
seq,source,t,hd,md,fe,ed,attempts,58
GCCCCGGUGGUUGGUCUCAACGUAUCUUUACUUGUUUUAACAUGCGCCUUCGCUGGGUCUUCCUCGUAUCCUUACACACCAGUGUUAUUCGAAACGCGCUACAGAGCGGGC,RNAinverse,6.993,17,6.867,-28.8,0.302,1,
---, MODENA,60.014,,,,,,
---, NUPACK,60.02,,,,,,
---, antaRNA,60.022,,,,,,
CGCCAGCGGUUAAUAUUUUAUCCGAUUUCGGUGGAAAACCCCAGCGCCUCCGCAGCGACGCCGCCUUUUUAUAAAUCCGCUCCGCCUUAAAUGGCGGAUAUCUUUAUGGCG,rnaMCTS,60.445,29,9.805,-35.4,0.204,1,
CCCCACGCAACUCAAAAGAGGGCCAAAGGGCACCCAAAAGGGACCCGAAAGGGACGCUAAAGCGACGCAAAAGCGAUGCGAGCCCCAAAAAAGGGGCGGCGAAAGCCGGGG,LEARNA,2.331,0,0,-55.5,0.051,16,
GCGGAGGGGAGCCGAAAGGCAGCGGGGACGCACGCGAAAGCGACCCGAAAGGGACCCAGAAGGGACCGAAGACGGACCCCAGCGACAAAAAAGUCGCGCCGCAAGGCCCGC,rlfold,9.437,0,0,-65.9,0.025,38,
AACCAGGCAAGGCGUUAGCCAAGCGUCAGCUAGGCGUUAGCCAAGCGUAAGCUAAGCGAUAGCUAAGCGAAAGCUAUGCCAGCGACGAUGAAGUCGCACCGUUAGGUGGUU,mrlfold,25.156,6,3.795,-49.2,0.16,53,
GGGCAGGGCCGCCGAAAGGCAGCCGAAAGGCACCCGAGAGGGAGCGGAGACGCACCCGAAAGGGACCGAAAACGGAGCCCAGCCACAAACAAGUGGCGCCGAAAGGCGCCC,brlfold,0.137,0,0,-72.4,0.02,3,
,,,,,,,,
.....((((((.((((((((....))))))).)))((((((((((....)))))))))))))).....,60,68,,,,,,
seq,source,t,hd,md,fe,ed,attempts,59
AGGCCGCAUGGCGCUGUAGUGUAUGCUAUGGACCCUGUGGUAGGGACACCCUUAUCACAAUGCAUACC,RNAinverse,0.252,0,0,-25.2,0.103,1,
---, MODENA,60.022,,,,,,
---, NUPACK,60.022,,,,,,
AUUCUGACCGCGUACUAUCUUGACGGAUAGUUGGCAGACAGGCGUAACCGCGUUUGUUUGGUCUCGAU,antaRNA,43.528,2,1.065,-25.3,0.08,4,
AUUCCCCCAGCAGGCUAAUCUUUAGAUUAGCUCGCGCAUUCGAUCCAUAGAUCGAAUGCUGGGUAUAA,rnaMCTS,60.127,2,1.065,-34.2,0.04,1,
AAAACCCCCGGACCGGCCCGAAAGCGGGCCGCGCCGCCCCACCCCAAACGGGGUGGGGCGGGGAAAUA,LEARNA,6.692,0,0,-52.3,0.053,55,
AACAACCAAGGAGGGGCAACGAAAGUUGCCCCCCCGCCAGGAAGCCGAAGCUUCCUGGCUUGGAAGAA,rlfold,60.161,2,0.355,-46.6,0.032,345,
UAAAAGCGACCAGGCCAAACGUUAGUUUGGCACGGGGGCAAAAACGAUAGUUUUUGCCCUCGCAAUUA,mrlfold,60.053,2,1.065,-35.2,0.033,232,
AAGAAGCCCGCAGGGCGAACAAAAGUUCGCCACGCGCCAAGAAGCCCAAGCUUCUUGGCGGGCAAGAA,brlfold,59.611,2,1.065,-42.6,0.007,642,
,,,,,,,,
.....((((.(...(.((((.(.((((.((.((((.((.(((....))).).)))))).)))))....).)))).)...).))))....................,60,105,,,,,,
seq,source,t,hd,md,fe,ed,attempts,60
GUACAUGAUACUCCGCAGCGGCUCCGGCGCACAGGCUCACGUUGGGACGAGGACUUGGACCCGGUUAUGGCGUUUCUUUGCAUUAUGUUUUGUUUUCGCCACACC,RNAinverse,4.605,10,3.581,-25.5,0.237,1,
---, MODENA,60.021,,,,,,
---, NUPACK,60.023,,,,,,
CUUUGAGCAAGAGAAACCAACGAGCUUCCGUUGACGCUGCACCGCCGUGGGAGGUUAUCGGAGCGAAACUUUGGAUGUGCAUGCUACUUCAUCCCACAAUAAUUG,antaRNA,47.147,57,16.516,-21.1,0.554,1,
AAAAACCGCUGUAACACGCGACAGGGGAUCCGGCCAAGAUGCAUUUGCAACAAGGCCGCACCCCCGGCGGCGCGAGAAUCUGCGGAUUUAUUGUAAAAUUAUUAU,rnaMCTS,60.3,10,4.698,-35.3,0.1,1,
AGAAACCCCACAAACACCCAACACGGCAUCACCGCUAGACACAGAAGUGACUUGCGGGAUGCCGAAAAGAUGGGAGAAAGAGGGGAAAAAAAAAAACAAAAAGAG,LEARNA,60.272,4,2.432,-36.7,0.032,387,
AAGAAGCGGAGGAAGAGGGAAGAGGGGAGGAGGGGAGGAGGCAAAAGCCCCACCCCCCACCCCCAAAACAUCCCACGAACGCCGCAAGAAAGAAGAAGAAGAAGA,rlfold,42.492,2,1.469,-42,0.051,146,
UAUAAGACAACGAAGACCCAAGACCCAACGACACAACGACAAGUUAUUGACAGUGUGCAGUGGGAAUACAUGGGACGAAGAUGUCACCCAUACAAAGAAAAUAUA,mrlfold,60.309,4,2.888,-21.7,0.071,110,
AAGAAGCGAAGAAAGAGGGAAGAGCGGAGGAGGGCAGGAGGCGAGAGCCACACGCCCCACCCGCAAAACAUCCCACGAACAUCGCAAGAAGAAGGAAGAAGAAGA,brlfold,58.348,4,2.829,-36.2,0.044,325,
,,,,,,,,
.....((.((.((...)).((...))...)))).((.((.((...)).((...))...)))).....,60,67,,,,,,
seq,source,t,hd,md,fe,ed,attempts,61
AGGGGGGCUCGCCAUAGGCGCUAAGCAAGGGCCGUUCGCACAUGAUGGGGUAUUCUAAGCAAGCAGU,RNAinverse,59.934,20,7.332,-16.5,0.228,21,
---, MODENA,60.042,,,,,,
---, NUPACK,60.037,,,,,,
CCAGAUGAGCUAAGAUUUUAACAUUUACUGCCGCCAACCCGUCCCGCUCUUACAGAUAGGUGGGCCA,antaRNA,38.196,31,7.487,-9.5,0.33,1,
UCCCCCGCCCCCGCAACGGAGAAUCAUAAGGCGCAGAGCAGCACCGCCGAAAAUCACAGCCUAGUUU,rnaMCTS,60.089,32,7.479,-9.3,0.261,1,
AAAAAGCAGCACCAAAGGACCAAAGGAACGCGCACCACCAUUAAAGGACCAAAUUAAAGGGGAAAAA,LEARNA,54.707,4,2.437,-7.1,0.17,1058,
ACGAAGGAGGAGCAAAGCAGCAAAGCACACCCCAGCAGGACCAAAGGAGCAAAGCAAACCGCAAGAC,rlfold,33.13,0,0,-7.2,0.36,250,
UAAAACCACGACCUAAGGAGCAUAGCAUACGGGAGCACGAGCAAAGCAGGAUACCAUACGGCACUAA,mrlfold,51.824,0,0,-5.9,0.342,231,
AAGAACGAGGACGAAACGAGCAGAGCAGACCCGAGCACGAGGAAACCAGCAAAGCAAACGGCAAGAA,brlfold,48.848,2,0.962,-6.3,0.32,594,
,,,,,,,,
.((.((.((.((..((..((.((...))..)).)).))..))..))....)).,60,53,,,,,,
seq,source,t,hd,md,fe,ed,attempts,62
CACCUCUCGUGGUUGAUCGUCGCCGUGCAUACAUCUCCCUCGCUGACUCUGUG,RNAinverse,57.111,6,2.158,-5.8,0.359,56,
---, MODENA,60.016,,,,,,
UAACGGAGUCCCAGCGCAGCGCCCAUGGAAGCACGCGGUGACGGCCAAAUUUC,NUPACK,50.414,10,3.037,-14.6,0.052,1,
CACAAUACUGGCCUCGAACCAGUUAAGCAAGGACGGGCACGGAAAUGAAUGUC,antaRNA,41.512,16,4.347,-9.1,0.16,2,
AUUAAUACUGCCCGCGCACGGGCCUAGCAACGUCGGGGACAGAAAUAAAGAUA,rnaMCTS,60.02,14,2.661,-13.1,0.1,1,
GCCGCCACCAUCGAUCGAGCACCAAUGGAAGCAGAAGAAAGGAAGGAGAAGGG,LEARNA,17.067,0,0,-5.5,0.264,414,
AGGAGGAGCAGGAAGGAAGGAGCAAAGCAACCACCACCGAGCAACCGAAACCG,rlfold,58.207,2,1.257,-7.2,0.137,481,
ACCACGACAACCCACCGACGAGCUUAGCGACGAGGAGGAAUGAACGGAUAGGG,mrlfold,46.209,2,0.497,-7.1,0.247,267,
ACCAGCAGCAGGAAGCAAGCACCAAAGGAAGCAGCACCGAGCGAGCGAAAGGC,brlfold,1.948,0,0,-7.5,0.264,35,
,,,,,,,,
.....((((((((..((((....))))..((((....))))..((((....))))..((((....))))..)))))))).....((((((((..((((....))))..((((....))))..((((....))))..((((....))))..)))))))).....((((((((..((((....))))..((((....))))..((((....))))..((((....))))..)))))))).....((((((((..((((....))))..((((....))))..((((....))))..((((....))))..)))))))).....((((((((..((((....))))..((((....))))..((((....))))..((((....))))..)))))))).....,60,400,,,,,,
seq,source,t,hd,md,fe,ed,attempts,63
---, RNAinverse,60.086,,,,,,
---, MODENA,60.023,,,,,,
---, NUPACK,60.022,,,,,,
---, antaRNA,60.023,,,,,,
AUCCCGGUCCCGGAAGGUCUUAUGACCACCCGAAAUAUCGGUCCGCAUAUAUGCGUGUGGGAAAUCCCAAACCGGGACCUAACCCCGUCCCAACCUCCUUUUGGAGCCGCGGUUUUCCGCUCGGCCUAUUGGCCAUUGCCUAAUGGCAUAUGGGACGGUACGCGCGUUCGGUACCCGAAAUCGGGGGGCAGUUAACUGCAAGAGGAUAACCUCCGGCCGUAUACGGCAUCCGAACGCAAAGCCAGGAACCGUCAUGAAAUCAUGUUCCCGAAACCGGGUCCCCCUAAUGGGGUUGGCCAAAAGGCCUAGGUUUCUGUAAAUGCGCCGCAAAUAUAUAAAUAUACAUAUAAACCUAUAAUGGCGUAAUCGCCUCCCGCUAAUGCGGUAUGCGGCGCUAAUU,rnaMCTS,62.504,16,5.59,-179.4,0.056,1,
AAAAACAGCGCGCAACCCCAAGAGGGGGACCCCAAAUGGGGAGGCCCAAAAGGGCAACCGCAAAAGCGGGAGCGCGCUGAAGAACCCCGCCAAACACCGAAAGGUGAGGUCCCAAGGGACAACGACAGAAGUCGGACCCCAGAAGGGGAAUGGCGGGGAAAAAUCCCGCCCAAAGGGAAAGCCCUAACCGCGAAAGCGGAACCCCGAGAGGGGAACCACAAAAGUGGAAGGGCGGGAAAAAACCCCCCAGAGCCGCAAAAGCGGAAGCCCAAGAGGGCAACCCCAAAAGGGGAACCCCAAAAGGGGAACUGGGGGGAAAAAGCCGACCCGACGCCAAAAGGCGAACCCGAAAACGGGAACCCGAAAACGGGGACCCCUGAAGGGGAAGGGUCGGCAAAUA,LEARNA,21.488,0,0,-234.3,0.051,53,
AAAAACAGGGAGGAAGGGGAAAACCCCAAGCGAACGAUCGCAACCGAACAAUCGGAACCCCCAAAGGGGAACCUCCCUGAAAAACCAGGAGGAAGGGGAGAACCCCAAGGGCAGGAGCCCAACCGAAGAAUCGGAACCCGAAAACGGGAACCUCCUGGAAAAACCGAGAGGAAGGGGAGCACCCCAAGCGACAAAUCGCAACCGAACCAUCGGAACCCCCCAAGGGGAACCUCUCGGAAAAACCGAGGGGAAGGGGACGACCCCAAGCAGAGCACUGCAACGAGGAAACUCGAACCCCCAAAGGGGAACCCCUCGGAAAAACCGCCAGGAAGGGGAACACCCCAAGCGAACAAUCGCAACCAGACAACUGGAACCCCGAAAGGGGAACCUGGCGGAAGAG,rlfold,3.173,0,0,-211.7,0.03,2,
CAAAAGCGCACACGAGGACGAAAGUCCAAGAGCGAUAGCUCAACAACGUAAGUUGAAACACGAUUGUGUAAGUGUGCGCAAAAACCCGGCACGAGGGCGACAGCCCAACAACGAUAGUUGAAGAGCGUAAGCUCAACCAGGAUACUGGAAGUGCCGGGAAAAAGGCCAACCGAGGGCGAGAGCCCAAGGAGGAUACUCCAACAACGAUAGUUGAAACACGAUUGUGUAAGGUUGGCCCAAAAACCAGGACGAGGACGAAAGUCCAACGACGAUAGUCGAACAGCGCUAGCUGAACAGCGUUAGCUGAAGUCCUGGUAAAAAGGGCGGACGAGGCCGAAAGGCCAAGGACGAUAGUCCAAAGACGAUAGUCUAACAACGAUAGUUGAAGUCCGCCCGAAUU,mrlfold,1.966,0,0,-207.7,0.024,1,
AAAAAGCAACAGCAAGGGGGGAACCCCAAGCGAGCGAUCGCAAGCGCGCGAGCGCAACCCCGAAAGGGGAAGCUGUUGCAAAAAGCCGACGCAAGGGCGAAAGCCCAAGCGCGCCAGCGCAACGGCACAAGCCGAACCCCAAAAGGGGAAGCGUCGGCAAAAACCGAACCGAAGGGCAAGAGCCCAAGCGCGCAAGCGCAACCGAGAAAUCGGAAGCCCACAAGGGCAACGGUUCGGAAAAACCAAAGGGAAGGGGGGGACCCCAAGGGCAAGAGCCCAAGCGCACAAGCGCAAGCCCGCAAGGGCAACCCUUUGGAAAAAGCGAGAGCAAGGGCGAGAGCCCAGGGGCACCAGCCCAAGCGAGCAAUCGCAACCCGGAAACGGGACGCUCUCGCAAGAA,brlfold,1.043,0,0,-254.8,0.006,1,
,,,,,,,,
((...((....((.....((.........((..............................))...............)).........)).......))....))....,60,110,,,,,,
seq,source,t,hd,md,fe,ed,attempts,64
GGACCGUACGCGUAUUAUUCCCGAACCCCUUAAAAAUAUUAUAAUUCAAAAAUUCCCUGUAGACUAAAACUGAUAUAAGAAGACCCAUAGCGCCUCCCAUGUGACCUAAC,RNAinverse,8.048,26,4.404,-4.04,0.367,1,
---, MODENA,60.022,,,,,,
---, NUPACK,60.024,,,,,,
---, antaRNA,60.023,,,,,,
UAUAAAUCGCCUAAUAACAAGGGCACAUAAUACCCCGCUAAAUAAAUACAAUAAAACCCAAAUAAUUACAAAACCCCCUUCCCGGGCCUAACGAUAAUAUGUAUUAUGGU,rnaMCTS,60.177,42,4.975,-16,0.08,1,
UUGUACCAAAACCAAAAACCAAAAAAAAACCAAAAAAAAAAAAAAAAAAAAAAAAAAAAAAUUGAAAAAAAAAAAAAAGGAAUAAAAAAGGAAAAAAAGGGAAAGGAAAG,LEARNA,60.064,4,0.51,-0.1,0.125,426,
GGAAAGGAAAAGGAAAAAGGAAAAAAAAAGGGCAAAGAAAGAAAAAAAAAAAAAAAAAAAACCAAAAAAAAAAAAAAACCAAAAAAAAACCAAAAAAACCGAACCCAAAG,rlfold,60.175,4,0.51,-1.3,0.09,181,
CCGAACCGAUACCGAAUAGCGAUAAUAAAGCGAACAGAAAGAUAAAGAACAACAAAUAUUAGCAAAAAAAUAAAAAUAGCACUAAGAUAGGGACAAUAGGGAUAGGAAUU,mrlfold,29.426,4,0.464,-6.86,0.175,53,
GGAAAGCAAAAGCAAAAAGCAAAGAAAAAGCGAAGAGAAAAAAAAAAAAAAAAAAGAAAAAGCAAAAAAAAAAAAAAAGCAAAAAAAAAGCGGAAAAAGCGAAACCACAG,brlfold,42.113,4,1.209,-7.21,0.056,219,
,,,,,,,,
.(((((........)((((....))))..)))).......,60,40,,,,,,
seq,source,t,hd,md,fe,ed,attempts,65
ACCGCGGUAAGGCACAUCCCUACGGAUAGGCGGAUUUAGC,RNAinverse,2.919,0,0,-9.2,0.124,14,
---, MODENA,60.019,,,,,,
AGGGCGAACAAAAACGGUCAAAGGACCAAGCCCAUAAAGU,NUPACK,29.121,0,0,-12.4,0.006,3,
UACCCCUAAUGACUGGGCCGGUAGGCCAUGGGUUUUAUAU,antaRNA,10.888,0,0,-11.1,0.11,1,
UGGGCGAACUUUAACGGCGUAAACGCCUAGCCCUACUAUU,rnaMCTS,0.01,0,0,-12.9,0.023,1,
ACCGCCAAAAAACAGGGCCAAAAGGCCAAGCGGGAAAAAA,LEARNA,2.942,0,0,-12.4,0.025,5,
AGCGGCGAGAAAAAGACAAAAAAUUGUAACCGCAAGAAAG,rlfold,0.316,0,0,-5.7,0.114,3,
AGGCACGAUUUUAAGGGACGAUAGUCCGAUGCCAUUAAUU,mrlfold,0.148,0,0,-11,0.026,1,
ACGCGCGAAAAAAAGGCACGAAAGUGCAACGCGAAGAAGA,brlfold,0.07,0,0,-13.2,0.067,3,
,,,,,,,,
.((.((.((..((.(...).)).))..))....)).,60,36,,,,,,
seq,source,t,hd,md,fe,ed,attempts,66
GCCCCAGUAGAGAGCUAAGGUCGUACGUGAAAUGGC,RNAinverse,48.906,4,1.478,-3.4,0.446,111,
---, MODENA,60.019,,,,,,
UGCGCCUGCUCGGUCCUUGACCUGCUUGGUAUUGCG,NUPACK,20.449,4,2.279,-9.9,0.054,2,
UGUCAAACCGAGCUCGAUGUGCAGGACUUUAGUGUC,antaRNA,39.671,10,2.992,-3.4,0.271,2,
UGCUCGCGCCAUAACAGAAAUAAGCUAAGUUGAGCU,rnaMCTS,60.016,16,4.498,-4.1,0.152,1,
ACCGCCACGAAGCUCAAAGUGCACGAAGGAGAAGGG,LEARNA,57.247,2,1.25,-4.6,0.248,1153,
AGGAGGAGGAAGCGCAAAGAGCACCAACCGAAACCG,rlfold,59.918,4,1.982,-4.9,0.231,574,
ACCAGCACCGAGAGCGUAGGUCAGGAAGCGAUAGGG,mrlfold,12.347,0,0,-4,0.425,76,
ACGAGCAGGAAGCGCGAAGGGCACCAAGCGAAACGG,brlfold,25.694,2,1.05,-5.4,0.239,418,
,,,,,,,,
......(.........((((.....)))).........)......................,60,61,,,,,,
seq,source,t,hd,md,fe,ed,attempts,67
GUUACACCUCAAUCACGGGCCUCGAGCCCUAAAUCUACGUACUGUGCAUGCUCAACUUACC,RNAinverse,55.695,2,0.281,-6.9,0.174,98,
---, MODENA,60.036,,,,,,
CACACCACCCCCCACAGCUCACCUCGAGCCCCCCUUCCUUCCUCUUCUCUUUUUCCUCCUU,NUPACK,45.657,2,0.281,-4.8,0.001,1,
AUUCUUAUACCCUAUCCGCCCAACCGGCGACUUCUAUCUGAUUACAUACCGCACCCUAACC,antaRNA,47.511,2,0.281,-5.8,0.055,5,
AACAAACGGGCGGAGAGCCCAAAAAGGGCAAACAACGGGGAGCGGAAUUAUUAGGAACAAA,rnaMCTS,60.036,10,0.91,-9.1,0.234,1,
GAAAGAUCAAAGAAAACCCCAAAAAGGGGAAAAAAAAAUAAAAAAAAAAAAACAAAAAGAA,LEARNA,60.043,2,0.281,-7.4,0.015,745,
GAGAAGGGAAAAAAAAGGGCGCCAAGCCCAAAGAACAGCGGAGAAAGAAGAAGAAGAAGAG,rlfold,59.819,2,0.281,-8.5,0.006,319,
UAUAUACGAAAAAAAAGCCAGUUUAUGGCGAAAAAGAAGGCCCACAAAAAAAAAAAUAAUU,mrlfold,59.706,2,0.281,-6.2,0.024,184,
AAGCAAGGAAAAAAAAGGGGAAAAACCCCAAGAAGAACCAAAGAAACGAAGAAGAAGAAGG,brlfold,59.632,2,0.362,-7.59,0.04,540,
,,,,,,,,
((((....).))).((((....).))).((((....).))).((((....).))).((((....).))).((((....).))).((((((((((((((((((((((...)))).))))))).(((((..((((((((((..(((((((...))))))).))))))))))((((.((((((...)))))))))))))))...))))))))))).((((....).))).((((....).))).((((....).))).((((....).))).((((....).))),60,282,,,,,,
seq,source,t,hd,md,fe,ed,attempts,68
---, RNAinverse,60.084,,,,,,
---, MODENA,60.018,,,,,,
---, NUPACK,60.02,,,,,,
---, antaRNA,60.031,,,,,,
GCCGGCCACAGGCACCCGAAAACAGGGACCGGACGGCGCGGGCGGCCAUAGACCGAGCCGAACCCAGGCCGGCCGAAAGCGCCAUUAAGCGACUAUUAGCGUACCAUUAUGGUAACGCUAACCCGAGAUCCUCCCCCGCAGGUGCCGGAUUCCGGCACAGCGGGGGAGGGGCGACGCUAGAUUCUAGCGCGCCCUCGGAAUUAGUCGCUUAAAGGCGAAACCAGCCACCGGAAAACACGGACGGCCCCCGCCCGCGUGCACCUGUCACAGGGCUAAAGUCCC,rnaMCTS,61.22,65,32.474,-160.2,0.063,1,
CUCCAUAGGAGAGACCCCAAAAGGGGGACCCCAAAAGGGGGACCCCAAAAGGGGGGACGCGAAAGACGUAUCACAUCAGGUGAGCCGAAGCCCCCGCUACCCCACGAAGCGUGAGGGUAGCAGGCGCAAGCCACCGCUGAACCGCCGCAAGGCGGCGGACAGCGGUGGCCGGCCCCGCCGAAACGGCGGGCCGGCGCCGUAGGGGGCUUCGGACCCCAGAAGAGGGACCCCGAAAGAGGGAGGCCAAGAGAGCCACGCCGAAAGAGCGACGCCAGAAGAGCG,LEARNA,57.159,30,13.89,-174.9,0.1,243,
GGGCAGAAGACCCAGCGCAACAGACGCAGCCGCAAACAGGCAGCGCGAAAGACGCACCCCACAAGAGGGACCGCGAAAGACGGACCCAAGGCAAGGGAAGGGAACCAAAGGUUACCCUUCCAGCAAGAAGCAGACAAGGAAGCAAACCCGCGGUUUGCACCUUGUCUGCGCGGAGCCGCCCCAGGCGGCCCGCCUUGCAAACUUGCCUUGGGAGCGCGAAAGACGCAGCGCGAAAGACGCAGCGCGAAGGACGCACCGCAAAAGACGGACCCCAAAAGAGGG,rlfold,47.955,6,2.377,-147.7,0.088,65,
GGGCGUAAGACCCAGGACGUUAGAUCCAAGACGUAAGAUCUAGGCCGUAAGAGCCAGGGCGUUAGACCCAGGGCGUAAGACCCACCCACGACCAGACCAACGGAGCGUAGCUCACGUUGGUAGCAACGAGGACCAACACGACGAAAGCGUAGCUUUCGAGUGUUGGUCCGACAAGCAACCGUAGGUUGCUGUCGUUGCAUACUGGUCGUGGGAGGAGGAUACAUCCAGGACGUAAGAUCCAGGAGGUAACAUCCAGGAGGUAACAUCCAGAACGUAAGAUUC,mrlfold,50.688,31,16.728,-142,0.079,42,
CCGGAAAAGACGGAGCGCAAAAGACGCAGCGGGAAAGACGCACCGGACAAGACGGACCGCGAAAGACGGACCGCGAAAGACGGACCGGGGAAAGGCGGGGGGAAACAAAGUUUACCCCCCGACCCAGAACGAAACAAGGUCGCAAACCCAAGGUUUGCUCCUUGUUUCGCCGGACGCACGCGACGUGCGCCGGCUGGGAGACCUUUCCCCGGACCGCGAGAGACGGACCGGAAAAGACGGACCGGAAAAGACGGACCGCAAAAGACGGAGCCCAAAAGAGGC,brlfold,35.794,24,11.241,-138.48,0.117,67,
,,,,,,,,
.((.((.....(((((...((.(((.........................))).))...))).))...)).)).(((..(((..((.......((....)).......)))))......))).(((((.......(((..((..(((..((.(((...............)))..))..)))..)).)))..))..))).,60,200,,,,,,
seq,source,t,hd,md,fe,ed,attempts,69
---, RNAinverse,60.101,,,,,,
---, MODENA,60.031,,,,,,
---, NUPACK,60.034,,,,,,
---, antaRNA,60.025,,,,,,
ACGAGGAAAUAACGGGAUAGGUGGGUAAAAAAAACCCCAAUAUAAAAUAUCCCUCCAUACCCAGUAAUCCACGACCCAUCGCAAGCCCAAAAAGCUUAUGCACAAAAAGCGCGAAAAAAGGGGCCGCCCCCAACCCGCUCCCCUGGGAAGCACAGGAAAAAAUAUAAAUACUGCGGCAACCCUCGGCGCGAUUGUACGGU,rnaMCTS,61.286,86,19.797,-50.3,0.281,1,
AGGACCUAAUACCCCCAAACCAACCAAAAAAAAAACGAAAAAAAAAAGAGGGUAGGGAAGGGAGGAAGGGACCACGCAACGCAACCAAAAGAACGAAAACGAAAAAAAGGGCGAAGAAGGCGACCCCCGAAAAAACCCAACCAACGCAACCACCCAGAGAAAUAAAAAAAGGGAAGGAAGCGAAGGAGGGAAGGAGGGGA,LEARNA,36.784,6,1.064,-44.81,0.098,183,
ACGAGGAAAAACCGGGAAAGGAGGGGAAAAAAAAAAAAAAAAAAAAAAAACCCACCAAACCCAGGAAACCACGAGGGAAGGGAAGGCAAAAAAGCACAAGCAAAAAAACCCCCAAAAAACCCAGCAGGAAAAAAAGGGAAGGAACCGAAGGAGGGAAAAAAAAAGAAAAACCCAACCGACGGAACCACCCGACCGAUGCG,rlfold,2.404,4,1.013,-40.27,0.237,3,
AGGACCGAAAAGCACAGAAGGACCCGAAAACAAGAACAAAAAUAUUAAUAGGGACCAUAUGUAGCAUAGGACCAACCGACCAGACCGAUAAAAGGGCAACCGAUAAUAGGUGGAAUAUAGGUAAGAGCGAAAAAAGGCCACCGACCCGACGACACGACAAAAAUUAUAAAGUGAACGGAGGGGAGGAGCCAAGCGAUCUA,mrlfold,33.242,6,0.606,-44.91,0.093,33,
ACCAGGGGAAAGGAGGGGAGCUGGGGAAAGAAAAAAAAAAAAAAAAAAAACCCUGCAAACCUACCAAACCAGGAGCCAAGCCAAGGAAAAAAAGCGAAAGCAAAAAAACCGGCAAACAAGGCAGCAGGAAAAAAAGGCAACGAAGGCAAGGUGGCGAAAAAAAAAAAAAAGCCUCCCGAGCCGACGAGCCGACCGAUGCA,brlfold,9.922,6,1.143,-48.77,0.136,25,
,,,,,,,,
...(((((((....((..((..(((..((..((..((..((..((..((...)).))..)).)).))..)).))).)).)))))))))........(((((((....((..((..(((..((..((..((..((..((..((...)).))..)).)).))..)).))).)).)))))))))...,60,184,,,,,,
seq,source,t,hd,md,fe,ed,attempts,70
---, RNAinverse,60.086,,,,,,
---, MODENA,60.024,,,,,,
---, NUPACK,60.025,,,,,,
---, antaRNA,60.037,,,,,,
AAACCGCGCCAACCUUUAAUUUUAAAAUACCCCUUAUAAGCUUCGCAUUAUUAAACGUUGCCAUUGGAAUAUUUAUAGUAAGGCGCGGAUAAAUUAGGCCCUACCAAAAAAUAAAUAUAAAACAAAAAAUAAUUAAUUAAAUCCAAUCAAAAAACAUCUUACAUAAUAACAGUUUAGGGCCAAU,rnaMCTS,61.05,78,29.022,-28.09,0.221,1,
AAAGCCCCCGAUAACCAACCAACCGAACUAACCAACCAACCGACCAACUAAAAGAGGGAGGAGGAGGAAAGACGGAGGAGGCGGGGGCAAAAAAGGCCCCCCCGAAACCAACGAACCCAAGCAACCGACCAACCAACCAACCAAAGGAGGAAGGAGGAGGAAGCAGGGACGAGGGGGGGGGAGA,LEARNA,56.347,6,5.351,-57.2,0.171,353,
AAACGAAGGAAAAAGGAAGGAAAGCAAGGAAGGAAGGAAGGAAGGAAGCAAAGCACCAACCACCACCGACCAGCUACCACCUCCUUCGAAAAAAAAGCAAAGGAAAAGGAAGGAAAGGAAGGAAGGAACGAAGGAAGGAAGCAAAGCACCAACCACGACCAACCACCUACCCCCCCUUUGCAAG,rlfold,35.145,2,0.294,-43.6,0.143,69,
AAAGGACAACGAAACCGAACGACCAGACGGACCGACCGACGGACCGAGCGUAGCAGGAACGAGGAGGAACGAUGGAGUAGGGUUGUCCAAUAAAAACGACCACGAAACCGACCGAGCAGACGGACCGACCGACCGACGGACCGUAGGACGGAGGAGGAGGAACGAUGCAGGAGGGUGGUCGAAU,mrlfold,48.412,2,1.945,-60.7,0.048,60,
AAAGCAGAGCAAAAGGUCGCAAAGGUCGCAAGGAAGCUCGGAAGCUCGCAAAGCUGCAACCUGCACCGAGCUCCUAGCUCCGCUCUGCAAAAAAAAGCAACGGAAAAGGAAGGAAGGCAAGCAAGCAAGGAAGGAAGGAAGCAAAGCACCAACCACCAGCAAGCAGCCACCACCCCGUUGCAAG,brlfold,44.347,27,10.926,-66.4,0.049,180,
,,,,,,,,
....((....((....((....((..((..((...))..))....))......)).......)).........)).............,60,88,,,,,,
seq,source,t,hd,md,fe,ed,attempts,71
CCGACUUUCUCGCGAAGACCCUCUCAAGUUUGAUUCAUUCUCUGGAGUCCCACUCACCGCCCCGACUAAACAUAGCUAUUGACGAUUC,RNAinverse,47.933,30,6.385,-7.3,0.358,7,
---, MODENA,60.021,,,,,,
---, NUPACK,60.021,,,,,,
CCAAAAGUUCAACGGAGCACUUAAACGAUACCCCCGGAAUUACCCUUACCCGUGCUCAGCCCUUUUUACCCAUUUCUGAUAAGCCUCC,antaRNA,50.529,34,6.59,-10.1,0.145,1,
AAACUUAAAAAUCAAAUUUAAAUACCCCAACCUAAGGAAGGUAAAUAAACCGAAACGCACAAAUCGCGCCGCGAAAAAUCAAAGUUCA,rnaMCTS,60.193,36,6.032,-9.7,0.178,1,
AAAAUUAAAACCAAAACCAGAGGCAACCAACCAAAGGAAGGAAAAGCAAAAAGGGACAAAAGGGAAAAAAAAAUUAAAAAAAAAGAAA,LEARNA,51.811,4,0.637,-4.7,0.144,525,
AAAAGGAAAAGGAAAAGGAAAAGGAAGGAAGCAAAGCAACCAAAACCAAAAAACCGAAAAAACCAAAAAAAAACCAAGAAGAAAGAAG,rlfold,52.441,4,0.637,-2.8,0.134,230,
UAAACCGAAACCGAAAGGGAAACCGACCGAGCUUAGCAAGGGAUAGGACUAAACCGAAAAUAGGAUAAAGAUAGGGAGAAACAUAUAU,mrlfold,36.574,4,2.141,-13.3,0.172,108,
AGAAGCAAAAGCAAAAGCAAAAGCAAGCAAGCAAAGCAAGCAAAAGCAAAAAAGCAAAAAAAGCGGAAAAAAAGCAAGAAGAAAGAAG,brlfold,59.441,4,2.228,-9.5,0.176,424,
,,,,,,,,
..((((((((.......(.((((((....)))))).(((((((....))))))).).......))))))))..,60,73,,,,,,
seq,source,t,hd,md,fe,ed,attempts,72
ACUUAGGGCAGAAAGUACACUUGGGCAAUCCCGGGCAUCCUUUGAAUAAGGGAUCGGAUCAGAUGCCUUGACG,RNAinverse,15.272,0,0,-21.24,0.106,33,
---, MODENA,60.026,,,,,,
AGGACAUGCCACCCACUGCGGUCGGGCGCCCGACCUGGGACUCCGUGGAGUCCCUCUUUUUACGGCAUGUCGG,NUPACK,39.521,2,0.974,-42.3,0.001,3,
CACAAAGUAGAGAACAACAGGCUGCGUCUGCGGCCAAUCAGUAAAUAUGCUGGUGGAAAGCGGCUGCUUUGAU,antaRNA,57.908,2,0.974,-26.7,0.056,14,
UUCGGGCUCCAUUUAUUCACAGGUGUAUUCACCUGACCCGAGUCAAUACUCGGGAGUUCCGACGGAGCUCGUU,rnaMCTS,60.114,2,0.974,-36.3,0.034,1,
AGCCCACCCAAAAAGAGCACGCCCGAGAACGGGCGACGCCCCCAAAAGGGGGCGAGAAAAGAGUGGGUGGGAA,LEARNA,36.05,0,0,-45.24,0.025,204,
AAGCGAGGGGAAAAAAAGAGGGAAAAAAAUUUCCCAGGGAGGCAACAGCCUCCCACAAAAGAACCCCUCGCAC,rlfold,60.124,2,0.974,-42.1,0.011,307,
AAGGCCAACCGAAAAAAGAGGAGGCGUUAGCCUCCAACAAAACGUAAGUUUUGUACGAAAAUAGGUUGGCCAC,mrlfold,60.016,2,0.974,-39,0.008,187,
AAGCACGGGCAAAAAAAGAGGGAAGGAAACUUCCCAGGAAGGCAACAGCCUUCCACAAAAGAAGCCCGUGCAA,brlfold,59.718,2,0.974,-46.2,0.001,522,
,,,,,,,,
((((...))))(((((((....))(((((..(((((((....))(((((((((...))))..((((...)))))))))((....)))))))..(((((((....))(((((((((...))))..((((...)))))))))((....)))))))..(((((((....))(((((((((...))))..((((...)))))))))((....)))))))..(((((((....))(((((((((...))))..((((...)))))))))((....)))))))..(((((((....))(((((((((...))))..((((...)))))))))((....)))))))..)))))((....)))))))((((...)))),60,370,,,,,,
seq,source,t,hd,md,fe,ed,attempts,73
---, RNAinverse,60.091,,,,,,
---, MODENA,60.02,,,,,,
---, NUPACK,60.028,,,,,,
---, antaRNA,60.024,,,,,,
GCCGCCUCGGCGCGGCCCAAACGGUUUAACCGCCGGCGCAAACGGCGCGCCGCAACGCGGACCGGGAAACCCGCGCGCGCGGAUGCCCGGCAACCGCGCGAACCCGGCCGCGGGGCCCCCCCCCAGGCAAAGCCUGCGGCGCAUAUGCCGCGGCACCGGCCGAAAUCGCGGGCGCGCAAAGCGCCACCCCAAAGGGGGCCCGGGUCACCCGCCGGCCGCGGGCGGGGGCGGGCGGCACCCCCGGCGCAGCGCAAUGCGCCCACCGCACCCGCCCCGCCCGGCGGCGCAGCCGGGCCCGCGCAAAGCGCAACGCCUAUGGCGGGGCCGCGGAAGCCCGCCCCUUAAAGGUCUACCGCCGCGGCCAUUGGCC,rnaMCTS,60.623,180,76.438,-228.6,0.477,1,
CGCGAAACGCGCCCGCCGAAAACGCCCCCAACGCGCCCAUAAGGCCCCGCCCCAGAGGGGAAAGCCGGAGGCUCGGGGACAUGAGUGCGCGAACCGCGUCAAAAGAGCCCCACACAAAGUGUGACCUCAAAGAGGGGGGCCCGGAAGGCGCGGGACCCUCCAAAAAUGCCCCCGCGCAAAGCGCAAGCCCAAAGGGCGGGGGCCAAAAGGGAGGGAACCCCCCCAAAAGGCCCCCCCCCAAAGGGGAGUGCGAAACGCAGGGGGCCAGAAGGGGGGGAACCCGCCCAAAAGGCGGCCCCCCAAAGGGGAAGCCCAAAGGGCGGCCGCCAGAAGGGCGGGAGGGGGGCCAGAGGGGCGGGCCCCAUGGGGG,LEARNA,59.232,42,25.086,-226,0.089,174,
GCCGCAACGGCGCCCGGCAAAAGCGCGGCAAGGGCGACAAAAGUGCGGGGGACAAAGUCCAGGCAGGAACUGCCCCGCGCAGAAGCCGCCCAAGCGCGGGAAAACCGCGGCAGACGAAGUCUAAGCGAGAAUCGCGCCGCGCAAAAGCCGCGCAAGCCGGGCAAAAGCGCGGGAGACAGAGUCUAAGCGGAAACCGCCCCGCGCAAAAGCCCGGCAAGCCGGGCAAAAGCGCGGGGGACGAAGUCCAAGCAGAAACUGCCCCGCGCAAGAGCCCGGCAAGCGCCGCAAAAGCGCGGAGGACAAAGUCCAAGCAAGAAUUGCUCCGCGCAGAAGCGGCGCGAGCCGCGCAAGAGCCGGGCGCACCAAGUGC,rlfold,35.731,34,24.24,-221.5,0.082,35,
GGGGGUACCCCGGGACGCGUUAGCAAACCGAGGACAGCGUUAGCGGCGACACCGAAGGUGAAGAGCGUAGCUCUCGCCGCGAUAGCUGUCCAAGCACAGCGAUAGCGGGGACAGCGAAGCUGAAGACCAUAGGUCUCCCCGCGUAAGCUGUGCAAGCGAAGCGAUAGCGGGGAGAGCGAAGCUCAAGAGGGUACCUCUCCCCGCGUUAGCUUCGCAAGGACAGCGAUAGCGGGGACAACGUAGUUGAAGGGCGUAGCCCUCCCCGCGUGAGCUGUCCAAGCAAAGCGAAAGCGGGGAACGCGAAGCGUAAGCGGGUACCGCUCCCCGCGUCAGCUUUGCGAGGUUUGCGAUAGCGUCCCGCACGUAGUGC,mrlfold,9.833,36,26.096,-224.2,0.087,7,
GCCCGAAGGGCGCGGCCCGAAAGGGCGGGAAGCGCAGCGAAAGCGCCGGGGACCAAGUCCAAGCACAAAGUGCCCGGCCCGGAAGGUGCGCAAGCCGGGCGAAAGCGCGGCGAACAAAGUUCAAGCAGGACCUGCGCCGCGCAAGAGCCCGGCAAGCCGGGCAAAAGCGCGGCGAGCAGAGCUCAAGCGCAAAGCGCGCCGCGCAGAAGCCCGGCAAGCCGCGCGAAAGCGCGGGGGACAAAGUCCAAGCACAAAGUGCCCCGCGCGAAAGCGCGGCAAGCGGGGCAAAAGCGCGGCGGACAAAGUCCAAGCGGGAACCGCGCCGCGCGCAAGCCCCGCGACCCGCGCGCGAGCGCCGCGCGACAAUCGC,brlfold,56.324,18,15.522,-245.2,0.041,90,
,,,,,,,,
(..((....((..((....((..((....(..((..((....((..((..((....(..((..((..((....((..((..((..((....((..((..((..((..((....((..((..((..((..((....((..((..((..((..((..((....((..((..((..((..((..((....((..((..((..((..((..((......))..))..))..))..))..))))..))..))..))..))..))))..))..))..))..))..))))..))..))..))..))))..))..))..))..))))..))..))..))))..))..))..)))..))..))))..))..)))..))))..))))..),60,380,,,,,,
seq,source,t,hd,md,fe,ed,attempts,74
---, RNAinverse,60.081,,,,,,
---, MODENA,60.033,,,,,,
---, NUPACK,60.026,,,,,,
---, antaRNA,60.022,,,,,,
CAUCGUUACCCCCGCGGCCCCGGGCUAGCGCCAGGGCGUUAUCCCCGGGGGGCCCAGGGCCUUCGGGCCAAAAGCCCGGGCCCCCCCAUUCGCGCAAGCUUCGCCCCCGCCCGCGGAGCCGGCCCCGGAGGCCCCGGCACGAAGGCUCGCCCGACGGCAAACGAAGGCGCGCAGGCUCGCCGGAAAACCUUGCAAGCUACCAACGAACGAUAACCCGGGCGCCGGGGGCCCGCCAGGCCCCCGGUCCAACGUUCCCCCGCCUCCGUUCGUUCCAACGAUCCCCAACGUUGCUCGCAUCGCGCAGGUCAACGUUAUGCGGAAGGUUCCAAGCGGGCCGUUGGCCCCCCCCCGCGGCGUUCAUUCGCCGGGGCUAGGCGUUG,rnaMCTS,62.4,194,63.419,-193.3,0.19,1,
CAUCCAAAACCAACCAAAACCGACCAAAACAACGAACCAAAACCAACCAACCAGAACAGCGAGCCAGCCAUAACCAACCGACAAACCAAAACCAACCAAGCAACCAACCAAAACCAACCAACGAACGAGCCAAAAGCAACCAGCCAACCAACCAACCAAAACAGACCAACCAGGCAGCUGACCAAAACCAACGAACGCACCAACCAACGAAAAGACGACGGAAGGAACGAACGAAGGGGAAAGAAGCAAGGAAGGAAUGGGAAGGAAGGAAGGAAGGAAGCGGAACGAACGAAGGAAGGGGAAGGAAGCAAGGGAGGGGAAUGAAGGAAGGGGAAGGAACGAAGGGAAGGAAGGGGAACGAAGGGAAGGGGAAGGGGAAG,LEARNA,29.27,8,1.17,-79.3,0.129,99,
GAAGGAAAAGCAAGGAAAAGCAAGGAAAAGAAGGAAGGAAAAGGAAGGAAGGAAAAGAAGGAAGGAAGGAAAAGGAAGGAAGGAAGGAAAAGCAAGGAAGGAAGGAAGGAAAAGGAAGGAAGGAACGAAGGAAAAGGAAGGAAGGAAGGAAGGAAGGAAAAGGAAGGAAGGAAGGAAGGAAGGAAAAGGAAGGAAGGAAGGAAGGAAGGGCAAAACCAACCGACCAACCAACCAACCCCGACCAACCAACCAACCAACCCCGACCAACCGACCAACCAACCCCGACGAACCAACCAACCCCGACCAACCAACCAAGCCCAACCAACCAACCCCGACCAACCGACCCAACCAACCCCAACCGACCCGAGCCCGAGCCCGAC,rlfold,57.919,2,0.488,-94.6,0.07,33,
CGACCGAAAGGCAACGAAAGGGAACGAAAGGACGGACCAAAACCGACCGAACAAAAGGACCGACGGAACGAAACCGACCGACGGAACGAAAGGGACCGACCGACCGAACGAAACCGACCGACGGACCGAACGAAACCGACCGACCGACCGACGGAACGAAACCGACCGACCGACCGACAGACCGAAAGGGAAGGACGGACCGACGGACAGUUUUAUGAACGAAGGAACGAACUGACCGGAAUGAAGGAAGGAAGGAAGGGUAACGAAGGAAGGAAGGGAGGGUAAGGAACGAAGGAAGGGUAAGGAAGGAAGGGACCGUAACGAAGGAAGGGUAACGAAGGAACGUAAGGGAGGGGGACGAACGUGACCGUGACCGGGAG,mrlfold,41.92,23,6.995,-107.5,0.202,25,
GAAGCAAAAGGAAGCAAAAGGAAGGAAAAGAAGGAAGGAAAAGGAAGGAAGCAAAAGGAGGAAGCAAGCAAAAGGAAGGAAGCAAGGAAAAGCAAGGAAGGAACGAAGCAAAAGGAAGGAAGGAAGCAAGGAAAAGGAAGCAAGCAAGCAAGGAAGCAAAAGGAAGGAAGGAAGCAAGGAAGGAAAAGCAAGCAAGGAAGGAAGGAAGGGAAAAACCAACCAACCAACCAAGCAAGCCCGACCAAGCAACCAACCAACCGCGACCAAGCAAGCAAGCAACCCCGAGCAACCAACCAACCGCGACGAACCAACCAAGCCCAAGCAACCAACCGCGAGCAACCGACGCAACCAACCCCAACCGACCCGACCGCGACCGCGAC,brlfold,49.443,6,1.467,-90.6,0.054,69,
,,,,,,,,
......(((......((((..(....(((........)))....).....)))).......)))...........,60,75,,,,,,
seq,source,t,hd,md,fe,ed,attempts,75
GAACGACCGCGCAAAUAGAUUCUCUUAGGUAGCACCUCCUUUAUGUAACUUCUAAAAUAUCCGGCCUAUCCGAAA,RNAinverse,6.817,4,0.832,-5.42,0.245,3,
---, MODENA,60.019,,,,,,
AUCAAAGGGUCAACGGCGCAACGAAGGGUAAGAUAGGACCAAGAGGAACGGCGCAUAAUAUCCCAAACCGCAAAA,NUPACK,44.075,9,2.887,-15.22,0.081,1,
CUAAGGUCCGCUUGUACCAUCCCAUCAGCUAAACCGCGCUUUCCGCAAUCUGGUCUUCUAAGGACGCACUAUAUC,antaRNA,36.973,10,2.174,-12.42,0.185,1,
ACCCAAGGUCCCCCUGGCCCCUCUUCUUAUCAUAUUUUAUACCCAUCCCCGGCCUCUUUUUACCCCCUUUGCAUU,rnaMCTS,60.045,8,2.428,-6.4,0.119,1,
AAAAAACCCAAAGAACCCCAGCAAAACCCAAAAAAAAGGGAAAGGAAAAAGGGGAAAAAAAGGGAGAAAAAAAAA,LEARNA,13.38,0,0,-13.52,0.014,104,
AAGGAAGGGAAAAAAGGGGAAGGAAAGGGAAACAAAACCCAAAACGAAAACCCCAAAACAACCCAAGAAAAGAAG,rlfold,0.11,0,0,-13.42,0.038,1,
AUAUAAGCCGAAAUAACACGACGAAAAGCGAAUAGUAGCUAAUAGGAUUAGUGUAAUAAUAGGCAGUAAUAAAUA,mrlfold,0.193,0,0,-10.92,0.079,1,
AAAGAAAGGAAAAAAGCGCAAGGAAAGGGGACCAAAACCCGGAACGAAAAGCGCAAAAAAACCUAAGAAAAGAAG,brlfold,0.07,0,0,-12.52,0.034,1,
,,,,,,,,
(((((....)).((((((....)))..((((.((((..(((....)))(((.((....))(((...)))((....)).)))(((....)))..)))).((((..(((....)))(((.((....))(((...)))((....)).)))(((....)))..)))).((((..(((....)))(((.((....))(((...)))((....)).)))(((....)))..)))).((((..(((....)))(((.((....))(((...)))((....)).)))(((....)))..)))).((((..(((....)))(((.((....))(((...)))((....)).)))(((....)))..)))).))))..(((....)))))).((....))))),60,393,,,,,,
seq,source,t,hd,md,fe,ed,attempts,76
---, RNAinverse,60.061,,,,,,
---, MODENA,60.017,,,,,,
---, NUPACK,60.018,,,,,,
---, antaRNA,60.022,,,,,,
GGCCCUUUAGGACCCGCGUUAUCGCAACCCGUCGCCAUCGGUAAACCGCGGAGCUUAAGCGCCUAAGGCGCAAUUGCUCCGGGGAAAACCCAAGGCGACCGCAAGGCUAAUGCCGCCACCAAAAGGGGCAAAGCCCCAAAAGGAGGCGCCAAAAGGCAAGCGGAGCCGAACCCAAAAGGGCCCUGCAAAAGCGGGAAUCCCGGUAAACCAGGGGGCAAAUGCCUACGGCUGGCGAACCGUAAACGGCGCUCGAAAUCGGGCUAAGCCGGUAAACCUGCGGCCUAAUGGCAACGCCUGGGGAAGGCUAAUGCCCGCAGCAUAUGCCGCAAUGCGCCUAAUGGAGCGGCCUAAUGGCAACCCCUCGGGAACCCUAAUGGGGGGAGCUAUUGCGCC,rnaMCTS,64.444,130,50.089,-185.7,0.207,1,
CCGCCUAAAGGACACGCCAGUAGGCGACCCCCGCCCAACCCAAAGGGGCCCACCAAAAGGCCCAAAGGGCCAAAGGGAGGGCCCAAAAGGGAGGGGCACCCCAACCCAAAAGGGCCGACCAAAAGGGCCAGAGGCGAAAAAUCACGGCCCAAAAGGGAAGGGGACCCCAACGCAAAAGCGUCCACCAAACGGGCCGGAGGCGCAGAAGCAGGACGCAAAAGCGAAGGGGACACAAGCCAAAAAUGGGCCAGCGAAAGCACCAAAGGUGCAAAAGCGGGCCCCAAAAGGGAGUGUGACAGGAAGGCAAAUGCCCCCACCAAAGGGCGCAAAGCGGCAAAGGCAGGGCCCGAAAGGGAACCUGAGGGGAACCCAAAAGGGGUGACUAAGUAGCGG,LEARNA,49.291,54,29.131,-186.6,0.16,146,
GCGGCGAAAGCAGGGAGCAAAAGCUAACCGGACAGGAACCGCGAACGGGCCAGCAAAAGCGCGAAACGCCCAAAAGGAGGCGCCAAAAGGCAACCUGACGGGAAGCGGAAACGCGCGACCAAAAGGGCGAAACGCCCAAAAGGACGCGCCAAAAGGCAACCCGACGGGAACGGAAAACCGGCGAGCAAAAGCGCCGAAGGCGCAGAGGCACGCGCCAAAAGGCAACCCGACGGGAACGGGCAACCGGCGGGCAAAAGCGCGAAACGCCCACAAGGACGCGCCAAAAGGCAACCCGACCGGGACCGACAACGGGCCGGCAAAAGCGCCAAAGGCGCGGAAGCAGGCGCCAAAAGGCAACCGGACCGGAAGGAGGGAUCCCCCAGCAGAAGCCGC,rlfold,7.128,42,26.681,-177.9,0.2,7,
GGGCCGAUAGGAGGGAGCGAAAGCUAAGACAACAACGAAGCGAUAGCUGCAAGCGUAAGCGGCGAAGCCGGGAUACCAUGCGGCAGUAGCCGAGUUGAGCAGGAAGCGAUAGCUACAAGCGAUAGCAGAAAAUCUGGGAUACCAUGUGGCGAUAGCCGACUGCAGCCCGAGGCGUAAGCCGCAACCACAAGGGGGGAACCCGGGAUACCAUGCGGCAAUAGCCGAGGGCAGCACGAAGCGUUAGCUGCAACCCAUAGGGGCGAAGCCCCGAUAGGAUGCGACGAUAGUCGAGUGCAACAGGACCAGUUAUGGGCAAGGGCUACCGGAAUAUCCGGGAUACCAUGCGGCAGUAGCCGACUGUAUGUCAAAGCGAUAGCUCCCAGCGAUAGCCCC,mrlfold,17.332,64,34.983,-167.3,0.098,9,
GCCCGGAAACGAGGGGACGAAAGUCAAGCCCAGGGCAACCGGGAACGGGCCAGCGAAAGCGCCAAGGGCGCCAAAGCAGGCGCCGAAAGGCAAGCCCACCGAAAGCCGACAGGCGCGGGCGAAAGCGCGAAACGCGCCGAAGCGCGCGCCGAAAGGCAAUCGGAGCGCGACGGGGAACCGGCCGCCAAAAGGGCCAAAGGCCCAGAAGGAGGCGCCGAAAGGCAAGCGCACCGGAACGCGCAAGCGGCGAGCGAAAGCGCCAAAGGCGCGCAAGCACGCGCCGAAAGGCAACCGGACCGGAAGCCGCAAGGCGCCGCCGAAAGGGCCAAAGGCGCGGAAGCAGGCACCACAAGGUACCCGGAGGGCAAGGCGGCAGCCCCCAGCGCAAGCGGC,brlfold,58.391,30,17.232,-226.7,0.169,79,
,,,,,,,,
.....(((((((.(((((....)))).)))(((((.((..((((....))))..(((((......)))))..)).))))))))))....................,60,105,,,,,,
seq,source,t,hd,md,fe,ed,attempts,77
CGAUGUGUCGACUCAUCAAGGCUGAUGGGUGCUGCGAUCCUUUCUUUCGAGAUUUACUGAUGCACUAGUACUGUGGCGGUUGACACCGAUUCUCGCAUUUUUCAC,RNAinverse,56.163,4,1.868,-25,0.302,14,
---, MODENA,60.019,,,,,,
AGCGACCAGGUCUAGCCCUCAUGGGCGUGAGGGAGAUCAAGCCCUAUUGGGCAUUCACCUAGCCCGGUGACCGAACUCCCCCUGGAAAAAAAAAAAAGACCCGAA,NUPACK,10.11,6,2.375,-42.3,0.055,1,
CUUAUACGCAACUCCCAGGGUACUGGGGGUGACCGAGCCACCAGAAAUUUGGAAAGUACCCAAUAGUACUAAGCGCGGUCUGCGUCCCUAAUCACAAACCCUUAA,antaRNA,56.093,2,1.139,-37.2,0.028,1,
UAUAAGACGGGCCAGACGAUAACGUCAUGCGGAGGCCGUAGGCGCAUACGCCAGGGCCGAUUAAACGGCCAUCGACCUCCCCGUCAGAAAAAAUAAUAAAUUAAU,rnaMCTS,60.065,2,0.999,-41.5,0.03,1,
AAAAACCCCCCGACCCCCGAAAGGGGCGCGCCACCAGCAACCCUAAAAAGGGAAUCCCCAAAAAAGGGGAAAGCAGGUGGGGGGGAAAAAAAAAUAAAAAAAAAA,LEARNA,29.408,0,0,-48.9,0.069,69,
AAGAAGCCAAGGGGGGAGGAAGCUCCACCCGCGGGAGGAAGGGGACAACCCCAAGCCGGCGACAACCGGCAACCACCCGCUUGGCAAGAAGAAGAAGAAGAAGAG,rlfold,60.133,2,0.533,-51.7,0.039,195,
UAAAACGACCCGAGCACCGUUAGGUGACCGAGCCAACGGAAGACGAUAGUCUAACCAACGAAUUAGUUGGAACGAUGGCUGGUCGAACAAACAAAAAUAAAAAUU,mrlfold,59.8,2,0.999,-37,0.013,123,
AACAAGGCGGGGCGCGAGGAAACUCGACCCCCAGGACGAACGGGGCAACCCGAACCCGGAGACAACCGGGAACGACCUGGCCGCCAAGAAGAAGAAGAAGAAGAG,brlfold,7.542,0,0,-50.7,0.044,58,
,,,,,,,,
(..(((..((((..((....((..((((....))....))..))))..))....))..))((..((..((..((((..((....((..((((..((....((....))))..))....))..))))..))((..((..((....))((..((((..((....((..((((....))....))..))))..))....))..))))..))..))..))((..((....((..((((..((....((....))))..))....))..))))..))))..))..)..),60,284,,,,,,
seq,source,t,hd,md,fe,ed,attempts,78
---, RNAinverse,60.067,,,,,,
---, MODENA,60.026,,,,,,
---, NUPACK,60.027,,,,,,
---, antaRNA,60.026,,,,,,
CAACCGUUCCCCAACGAAUUGGAUCGGCUUUUGCUUAACGUACCCGUUGGUAUUGGAACGGCAAGCAUGCAACCGCAAGCUUAAGGUUGGCGAUCCAAUAGCUUAAGCGGAUCGUUAACCAUCCGCUUGCCGUUCCAAGCUAAUGCGGAACGCGUUGCAAAAGGAUGCGGUAAACCUUAAGCUACCGCAACGAAUACGAACCGGUUCGAAGGUUGCGGUUCCAAUACCUAGCCCAUCGAAUUGGAAAUCCCGUAGGUAAAGCAUGGGGUUCCGCUUGCAAGAAG,rnaMCTS,62.001,142,53.85,-117.8,0.173,1,
CGAGCCAACUCCAACGAGAACCAUCCCCGAGAGGAAGAGGAAGGCGAAGGAGAAAGUAGGCCGACCCCCCAACCCCAACCGAAACCAACCCCAACCCGAACCAAAAGGGGAAGGAAAAGGAAGGGGAGGGUCCAGCAACCAAAAGGCCAACCCCGACCAAAAGCAACCCCAAAAGGAAAGGGAAGCGGAAGGAAAAGGGAGGGCAAGAAGGGAAGGCGACCCAAAACCGGCCCCAAGCAAAACCAAAAGGGCGAGGAAAAGGAAGGGGAACGGGAAGGGACAAG,LEARNA,21.262,49,17.441,-88.3,0.246,88,
GAAGGGAAGGGGAAGGAAAAGGAAGGGGAAAACCAAAACCGACCCCGACCAAAACCAACCGGAAGGAAGGAAGGGGAAGGAAAAGGAAGGGGAAGGAAAAGCAGACGCCCAACCAAAACCGACCCCAACCGGAAGGAAGCGAAAGCGCAACGGGAAGGAAAAGGAAGCGGAAAACCAAAAGCAACCCCGACCAAAACGAAGCCCAACCGACCGACCGGAAGGAAAAGGAAGCCGAAGGAAAAGCAGAAGCCCAACGAAAAGCAACCCCAACCCCGACCGACGAC,rlfold,22.939,50,19.194,-82.31,0.208,29,
CGAGGCGAAGCGGACCGAUAAGGACAGCGUUAGCGAUAUGGACUGGGACGAAUACUAAGCCCGACCAAACGAACAGGAACGAAAACGAACACGACCGAAAGCGAAUGCGGGAGUAAUAGUAAGUGUAACUGCGACGGAAGGACACUGGGAACAGGACCAAUAACGAAAGCGUUAGCGAUAUUAAGUGGGACUAAUAGUAACCCGGAGCAAGUAAGUGAGAACGAUAAGGAACACGAAAGAAAGGGAAUCCUUAAGUGAUAGUCACUGUGAUCGGAAGGGACGAG,mrlfold,35.55,73,24.588,-62.47,0.238,29,
GAAGCGAACGCGAAGGAAAAGGAAGCCGGCAACGAAAAGCGACCCCGACGAAAACGAACGGGAAGGAACGAAGGGGAAGGAAAAGGAACGCGAAGGAAAACGGAAACGCCGACGAAAACGAACCCCGACCCGAACGAACGGAAACGGGAACGCGAACGAAAAGGAAGGCGAAAACGAAAACCGACCCGGACGAAAACGAACCCGAACGGACCGACGCGAAGGAAAACGAAGCCGAAGGAAAAGCAAAAGCCCAACGAAAAGCAACGCCAGCGCCGACCGACGAC,brlfold,4.665,45,15.587,-63.55,0.35,13,
,,,,,,,,
......(.((((.((((....(...((((.(....).))))...)))))..((......((((....)))))).)))).).....................,60,101,,,,,,
seq,source,t,hd,md,fe,ed,attempts,79
ACCGCAGUCAUCAGGGAUACUAUACCGAUUUACAAAUAUUGCUUUUCCCACUCACCAGGUAGGGCCGCCUAGAAGAUGUCUAAUUUAGAGAAGAAUGUACU,RNAinverse,55.03,18,6.651,-14.7,0.3,7,
---, MODENA,60.026,,,,,,
---, NUPACK,60.024,,,,,,
---, antaRNA,60.029,,,,,,
AAAAAACGGGCGACGGGAAAACAGACCCAAGAAAUCAUGGGAAAGCCCGAACGUAAAAGCGCGACCACGCGCGACGCCGGCAGAUAAAGUUUAUAAUAAUA,rnaMCTS,60.172,6,1.635,-28.5,0.103,1,
AGAAGACGCCCCACCCCAAAACAAAUCGCGCGGAAGAGCGAAAAGGGGGAAGCAGAAAGCCCCAAAAGGGGGCAGGGGAGAAAAGAGAAGAAAAAGGAAAA,LEARNA,53.978,6,2.308,-35,0.027,636,
AAAGAAGAGGGGAGGGGAAAAGGAAGGGAAGGCAACAUCCCAGACCCCCAAGGAAAAAAGGGCAGAAGCCCCCACCCCGCAAGAAAGAAGAAGAAGAAGAG,rlfold,58.833,4,1.295,-30.3,0.109,202,
UUAAAAGAGGCCACAACGAAACGAAGGCAAGGUUACAUGCCGUAGGUUGAACCGAAAAAGGCCGUUAGGCCGGAGGCCGCACCGAUAACAACAAAAAUAAU,mrlfold,42.196,4,1.295,-25.7,0.126,99,
AAAAAAGAGGGCAGAGGAAAAGGAAGGGCGGGAAACAGCCCAGACCCUCAAGGAAAAAAGGGCGAAAGCCCCCAGCCCGCAAGAAAGAAGAAGACGAAGAG,brlfold,59.514,4,1.295,-34.5,0.042,317,
,,,,,,,,
(....(((((...(((((...(((((....(((((...(((((...(((((..(((((....(((((...(((((...(((((..(((((...(((((...(((((..(((((...(((((..(((((..(((((..(((((..(((((.(((((.((((((((((.....))))).....))))).....))))).....))))).....))))).....))))).....))))).....))))).....))))).....))))).....))))).....))))).....))))).....))))).....))))).....))))).....))))).....))))).....))))).....))))).....))))).....))))).....).....,60,397,,,,,,
seq,source,t,hd,md,fe,ed,attempts,80
---, RNAinverse,60.09,,,,,,
---, MODENA,60.022,,,,,,
---, NUPACK,60.024,,,,,,
---, antaRNA,60.022,,,,,,
AAUUAGGGCGUAAGCGGGAUUCCCGUAAUUCGGCGAUACCGGCUUUUGCGCUUCGCCGAAAUCCCGGUAACGAGCUAUUGGGGUUGCGCGAUAGCCCCUUAGGUCUAACCGCCUUAAGAGGUUGCGCCUUGGUCGUAGCGGGAUGCGCCUGGGGCUCCGAGCCGCCAAAUUGGCGGAUUAUCUCGGUAAAUGCCCCUAAAUGGCGCUAUUACCCGCUAUAUCGACCUUAUUGGCGCUAAUUCCUCUAUUUUGGCGGAAUUAAGACCAUUAUGGGGCAUUUACGCGCUUAUUCCCCAUAAUUGCUCGAAAAUCCGGGAUAAACGGCGUUUAUGCGCAUAAAUGCCGGUAUAUCGCCGUUUAAACGGGUUUUACCCGCAAAAUCGCCCAAUUUUAUAUU,rnaMCTS,63.432,16,6.519,-207.6,0.052,1,
UAACACCCUCAAGCCUCCAAACCCCGGAGGCCCGGAGACCCCCAAACCCCCAACCCCCAAUGCCCCGAAACUCACAGCCCGCCGAGCAGCAAUCCCCGAAAGCCACAACCCAGAAAGACGCAACGCGCAACGAUAGGGUCCCAACCCCCAUAGCAGCACGCGCCGCGUAAAGCGGCAAAAAGCGUGAAAAAUGCUAAAAGAGGGGGAAAAAGGGACAAAAAUAUCGAAAAAGCGCGAAAAAGCGUCAAGAACUGGGAAAAAGUGGCAAAAACGGGGUAAAAGCUGCAAAAAGGCGGAAAAAGUGAGAAAAACGGGGAAAAAGGGGGAAAAAGGGGGAAGAAGGGGGAAAAACCGGGAAAGGCGGGGAAAAAGGAGGAAAAAGAGGGAAAAAUAAAAA,LEARNA,46.638,2,0.565,-182.3,0.009,59,
GGAAAGCAGGAAAGCGGGAAAGCAGAAAAAGCAGGAAAGCAGGAAAGCAGGAAGCGGGAAAAGCAGGAAAGGAGGAAAGCAGGAACCAGGAAAGCAGGAAAGGAGGAAGCAGGAAAGGAGGAAGGACGAACAAGCAAGCAGCAACGAGGAGCAGGAGGACAGGGGCGAAAAGCCCCAAAAAUGUCCAAAAACCUGCAAAAACCUCGAAAAAGCUGCAAAAAGCUUGAAAAACGUCCAAAAACCUCCAAAAACCUGCAAAAACCUCCAAAAACCUGCAAAAACCUGGAAAAACCUGCAAAAACCUCCAAAAACCUGCAAAAACCCGCAAAAACCUGCAAAAACCUGCAAAAACCUGCAAAAAUCUGCAAAAACCCGCGAAAACCUGCAAAAACGAAGG,rlfold,61.546,2,0.565,-165.3,0.002,25,
CGAAAGCCACGAAGCACAGAAAGACCGAGAGCACCGAACGCACGAACGCACGAGCAACGAGAACACAGAAGCACAGAACCCACGAGCACAGAAGCACAGAACCACCGAGCACAGAACACACGACCACCGAGCAACGAGCAACGACCACCACCACAACCAACGAGACGAUUAGUCUCGAAAAGUUGGAAAUAUGUGGGAAUAGGUGGGAAUAGUUGCGAAUAGUUGCAAAUAGGUGGGAUUAGUGUGAAAUAUGUGCGAAUAGGUGGGAAUAUGUGCAUAUAUGUGCGAACAGUGGGAAAUAUGUGCAAAUAUGUGUAAAUAGUUGCGAAUAGUGCGGAUUAGUGCGGAAUAGGUGCGAAUAGGUCUAAAUAUGUGCGAAUAGUGGCGUCAAGGAUUU,mrlfold,60.283,2,0.565,-166.9,0.023,15,
GAAAAGCAGCAAAGGAGCAAAGCGGCAAAAGCAGCAAAGCAGCAAACCAGGAAGGAGGAAAAGCAGGAAAGGAGGAAAGGAGCAAGCAGCAAACGACGAAAGCAGGAAGCAGCAAAGCAGCAACAAGGAAGGAGCAACCAGCAACGAGGAGCAGGAGGAGGGGGACGCACAGUCCCAAAAACCUCCAAAAACCUGCAAAAACCUCGAAAAAGCUGGAAAAAGCUCCAAAAACCUUGAAAAAGCUGCAAAAAGCUGCAAAAACCUGCAAAAACGUCGGGAAAGCUGCAAAAAGCUCCGGAAACCUCCAAAAACCUGCGGAAACCUCCAAAACCCUGGGGAAAGCUGCAAAAAGCUGCGGAAAGCCGCAAAAAGCUCCAGAGAGCUGCAAAAACAGGAG,brlfold,54.885,2,0.565,-169.6,0.003,42,
,,,,,,,,
....((((..(((((..((((..((((.....))))((((((...))).)))))))((((((.((.((.(((((....)).)))))))(((((.((.((.((....))))))((((.(((....)).)).)))..)).)))))).))))))))(((.(((.(((.((((....))))))))))((((((((...))).)).))).))))))),60,212,,,,,,
seq,source,t,hd,md,fe,ed,attempts,81
---, RNAinverse,60.049,,,,,,
---, MODENA,60.028,,,,,,
---, NUPACK,60.033,,,,,,
---, antaRNA,60.027,,,,,,
UAGUCGGCAUUUAUUAAAUAAAAAAAUAAACAAUUUGCGGGCAAUGCCUCGCUUAUAAAUUUAUAAAAAAAUUUAAAAAACAUCUUUAAAUUACUUCUAAAUAAAAAUUAAAAUAAGUAUGCCAAUCAUUUAUAUUAAAUUAAACUUUAAUAAAAUACGCGUAUCGGGGUAUCCCCCAUAGCGUUUUUGGGUUUCCCUAAUAAAUAUUGCCG,rnaMCTS,63.096,78,27.089,-37.5,0.351,1,
AAAACCCCAACCCCCAAGCGCAAGCCCAAAAAGGGCCCCGCCGCAGGCAGGGGCGCCGCCCCGGCACCAGCCCUAGAGAGAGGCGGGCGCGCCACGACCACCAAAAGGGGCGCCCCAUCCAAAAGGAUGAGGGAAGGACGCGGGAGCGGGGGGCGGAAGCGCGCAGCACAAAAGUGCGCGGCUGCCCGCCCAAAGGGACGAGGCACCGGGGG,LEARNA,48.558,2,1.645,-115,0.16,261,
AAAACAGGAAGGACGAACAGGAAGGGCAAAAAGCCCGCGGAGAAACUCACGCCCUGGCCCGGAGGAGGAGCGACAAGAGUACGCCCCCCCUGCAGGAGGAGCAGAAGCCCCCGCGGAGGCCAAAGCACCACGCAAGCAAGGCCGAGGCCGUCCGGCACGGAGCCAGGGAAGGAUCCCGGCCCGGCGGGGACACAGUCACCACGCAGCCCCUG,rlfold,57.903,2,1.453,-100.2,0.057,62,
UACAACCCGACCACCGAGACCGAGGGCGAUAAGCCCGCAACCGUAGGUAUGCGGUCGAGACCACGAGGAGGAGCGUAAGCAUCCCCCGAGACAAGGAGGAGCGCAAGCCCCCAACAAGACGAUAGUACUAGUUAAUGAUCUGGUACUCGGUGGGCCAGCAAGCAAGAGCGUUAGCUCUGCUGCGGACCACCAUUGGUAGGAUCCAGGCGGGU,mrlfold,56.286,2,0.998,-97.5,0.154,48,
AAAAGGACAACCAGGAAGAGGAAGGGCAAAAAGCCCGCCGACAAAGUCAGGCCCUCGCCAGGAGGAGCAGCCGCGGAAGCAGGCGCCCGCCGGAGCAGCAGCGAGAGCGCGCGCCGAGGCCAAAGCACCAGGCAACCAGGCCCUAGGCCCUGGGCGAGGGACGCAGGACGAGAGUCCGCGCCCGCGGCCAGGAACUGAGCACGCACGCGUCC,brlfold,27.562,2,1.453,-111.7,0.04,60,
,,,,,,,,
...((((((....))))))(((((....)))))((((((....))))))(((((....)))))((((((....))))))(((((....)))))(((((....)))))((((((....)))))).(((((....)))))((((((....))))))(((((....)))))((((((....))))))(((((....)))))((((((....)))))),60,214,,,,,,
seq,source,t,hd,md,fe,ed,attempts,82
AAUGAAUUACGUAUAAUUCGCGCCCAACGGCGCCGCUUCUGCUGAGGUGAACUCGUAAGAGUUAGUCUAUAUGUAGGCUUGUCUGUGCGGACACUCUCGUUUGAGGGCUCUAGGGUAUUAGAGAUCCUGUACUUAGGACACAGCUCCAGCUGUGCCGAUAAUGAUUGGGGUGCCUCGUGGUAUCGAGGAUUAAUCCUCGGAGACUGGGGUUUCC,RNAinverse,35.686,61,24.78,-82.5,0.239,1,
---, MODENA,60.014,,,,,,
---, NUPACK,60.022,,,,,,
---, antaRNA,60.023,,,,,,
AAAGGUUCGAAUUCGAACCACCACUAUAGUGGUGACCUUUAAAAAGGUCCCUCCAAAUGGAGGCCCGCCUAAAGGCGGGUAGCUAAAAAGCUAACCGAAAUAUCGGUCGAGCCAUAUGGCUCGUCGGUCAAUAGACCGUCGCCUAUAAAGGCGAGCAGGAAAACCUGCAUGGGCAUUUGCCCAUUGCGGAAUACCGCACCGUGAAAAAUCACGG,rnaMCTS,0.873,0,0,-110.7,0.035,1,
AAAGCGCGCAGAAGCGCGCCCCACAAAGGUGGGCCCCACAAAAGUGGGGGCGCCACAAGGCGCCACCCCAUCAGGGGUGGCCCCGGACGGGGCACCGCAAAAGCGGUCCCCGCGCAAGCGGGGCGCGGGAAAACCCGCCCGCCGAAAACGGCGGGCCAUUAAGAUGGCCCCACCAAGAGGUGGGCCCCCACGAGGGGGCUCCCCAAAAGGGGAG,LEARNA,41.745,10,6.976,-144.4,0.249,223,
AAAGGGGGGCAAACCCCCCGCGGGCAAACCCGCGCGGGGAAAACCCCGCGCGACCCAAGUCGCGCCGAGAACACUCGGCGCGGAAACAUCCGCGCGCCCACAGGCGCGCCAAAAAAAUUUGGCAGCGGGCCAACCCGCGCGGGGACAACCCCGCGCCGGGGAACCGGCGCCGGGCGACCCCGGCGCGAAAAAAUUCGCGCGAGAACAAUCUCGC,rlfold,17.53,10,10.676,-143.8,0.192,27,
UAAGGGGGCGUUAGCCCCCGGACCGUAAGGUCCGGGAACGAUAGUUCCCGGAGCGAUAGCUCCGGCAGCGAUAGCUGCCGGAACGUUAGUUCCGGAGCGAAAGCUCCGGAAGCGAUAGCUUCCAGCAACGAUAGUUGCGGAGAGGUUACUCUCCGGGAGGAUACUCCCGGGACCGUAAGGUCCCGGAGCGUUAGCUCCGGAAACGAUAGUUUCC,mrlfold,15.503,0,0,-150.8,0.063,12,
GAAGGGGCCGCAAGGCCCCGGGACGAAAGUCCCGCGGGCACCAGCCCGCGCGACGAAAGUCGCGCGGGAGAGAUCCCGCGCCGCGCCAGCGGCGCGGAGAAAUCCGCGCCGACGAAAGUCGGCAGCGGGGGAACCCGCGCGAAAGAGAUUUCGCGCCGCGCAAGCGGCGCGGACGAAAGUCCGCGCGGCGAAAGCCGCGCGAACCAAAGUUCGC,brlfold,0.398,0,0,-176.9,0.102,4,
,,,,,,,,
.....((((.(((.((....))((....)).))).(((.((....))((....)).))).(((.((....))((....)).))).(((.((....))((....)).))).)))).....,60,119,,,,,,
seq,source,t,hd,md,fe,ed,attempts,83
---, RNAinverse,60.109,,,,,,
---, MODENA,60.023,,,,,,
---, NUPACK,60.022,,,,,,
---, antaRNA,60.036,,,,,,
AAUUACCGCACACUCGAAAACGGAAAAAACAGAGAGCGUCCAUAAGGGCUUAAGCACGCAGGCUGCUAUAGCGGUAUACCUGCCACCCAGGUUUACCGGAAUUCCAGGGAGCGGAUUAA,rnaMCTS,60.57,51,15.491,-34.9,0.242,1,
GAAGACCCAACCCACCAAGAGGGCAAAAGCAGGGACCCACGGGAACGCCAAAAGGAGGGACGCACCAAAGGGCCAGAAGGAGCGACGCACCAAGAGGGCAAAAGCAGCGAUGGGGAAAA,LEARNA,28.12,0,0,-32.7,0.248,282,
AAGAACCGAAGGGAGCAAAAGCGCGCAAGCACCCAGCCACCAAAAGGGCAAAAGCAGGCAGCCAGCGCAAGCGCAAAAGCAGGCAGCGACCAAAAGGCCAAAAGGACGCAUCGGAAGAA,rlfold,2.969,0,0,-41.9,0.047,11,
UAAAAGACAAGGAACCGUAAGGGGGAUACCAUCCAGCAACCAUAAGGGGGAUACCAUGCAGCAACAGUAAUGGGGAAACCAUGCAGCAAGCGUAAGCGCGAUAGCAUGCAUGUCAUUUA,mrlfold,3.2,0,0,-37.5,0.213,8,
AAGAAGCGGAGGGAGCGAAAGCGCGAAAGCACCCAGCCAGCGAAAGCGCGAAAGCAGGCAGCGAGCGAAAGCGCAGAAGCACGCAGCCAGCGAAAGCGCGAAAGCAGGCACCGCAAGAC,brlfold,0.136,0,0,-65.1,0.028,4,
,,,,,,,,
.....((((((((((....)))(((....((((((((...(((.....)))))))(((......))).))))))))))..))))....................,60,104,,,,,,
seq,source,t,hd,md,fe,ed,attempts,84
ACCUAACCCGAUCGGAGAGCCGGUUUAUCGCUUCCUGCACUGAGACAAUCACGGGGUCAACGUCGACAAAGCAGCAUCAAGGGUCAAUGGGGUCGGUUUUGCAU,RNAinverse,41.233,17,4.888,-26.2,0.217,2,
---, MODENA,60.02,,,,,,
---, NUPACK,60.025,,,,,,
---, antaRNA,60.033,,,,,,
UUUUACCGCGCCGGGUAAACCCCGGAUAACCUCGGCGUAAGGGUUAUACCCCGCCCGCUAAUAUGCGAGAGGCCGGGCAUGCGGAAUAUAUAUAAUUAAAAUAU,rnaMCTS,1.159,0,0,-38.2,0.104,1,
AGAAAGCCCGCCCGCAAAAGCGGACAAAAGCACCCCCAGACUCAGAAAGAGGGGGACCAAAAAAGGUAGUGCGUCGGCAAGGGCAGAAAAGAAAAAAAAAGAAA,LEARNA,2.595,0,0,-33.1,0.099,3,
AAGAAGCGGGGGGGGAAAACCCGCGAAAAGCGAGAGGAAAGGCGAACAGCCCCUCGCCAACAAAGGCAUCGCCGCCCCGACCGCAAGAAAGAGAAGAAGAAGAG,rlfold,0.236,0,0,-37.7,0.158,1,
UAAAACCGCGCACACCAAAGUGGCCGAAAGGGAAGACGAAGGGGUUAACCCGUCUGCCAAAUUAGGCAUCCCGGCUGCGAGCGGACCCACAAAAAAAAAUAUAU,mrlfold,48.431,0,0,-31.6,0.172,88,
AACAAGCGCGGAGCCGAAAGGCGCGAAAAGCGCAAGGAAAGGCGAAGAGCCCCUUGCCGCGAAAGGCAGCGCCGCUCCAAGCGCAAGAAGAAGAAGAAGAAGAG,brlfold,0.14,0,0,-40.3,0.198,1,
,,,,,,,,
(((((((((((((((.(((((.((.....)).((.....)).((.....)).((.....)).((.....)).))))).(((.....))).(((((.((.....)).((.....)).((.....)).((.....)).((.....)).))))).(((.....))).(((((.((.....)).((.....)).((.....)).((.....)).((.....)).))))).(((.....))).(((((.((.....)).((.....)).((.....)).((.....)).((.....)).))))).(((.....))).(((((.((.....)).((.....)).((.....)).((.....)).((.....)).))))).))))))))))))))),60,389,,,,,,
seq,source,t,hd,md,fe,ed,attempts,85
---, RNAinverse,60.083,,,,,,
---, MODENA,60.023,,,,,,
---, NUPACK,60.03,,,,,,
---, antaRNA,60.031,,,,,,
CGCCCCCGGGGGGUCUCGGGGAGGAAAAACCAGCAAAAAGCAGCAAAAAGCACGAACAACGAGCAAAAAGCACCCCGACGGAACAACCGAGGGCCACGAAAAACGAGCAAAAAGCAGCAAAUAGCAGCAAAAAGCAGGAAAAACCAGGCCCACCCUAAAAGGGAGCGCCAGGAAAAACCAGGAAAAACCACCAAAAAGGAGCAAAAAGCAGCAAACAGCAGGCGCAGCCAAAAAGGCUGGCGCAGCAAAAAGCAGCAACAAGCACCAAAAAGGACCAUAAAGGACGAAAAACGAGCGCCUGCGAAAAACGCUGCGCCAGGAUACACCACGAUAAACGAGGAUAUACCACCAAAUAGAACCAAAAUGGAGGCGCUGACCCCCCGGGGGCG,rnaMCTS,63.427,69,22.953,-141,0.123,1,
UCGCCCCCCGCCCCGACCCCCGCCAAAAGGGACCAAAAAGGACCAAAAAGGACCAAAAAGGACCAAAAAGGAGGGGGACCCAAAAAGGGACCCGCAGCAAAGAGCACCAAAAAGGACCAAAAAGGACCAAUAAGGACCGAAAAGGAGCGGGACCCAAGAAGGGACCCCUACCAAAGAGGACCGAAAAGGACCAAAAAGGAUCAGAAAGAACCAACAAGGAAGGGGAGCCGAAAAGGCACCCCCACCAUGAGGGACCAGAAGGGGCCAUAAAGGAUCAAAAAGAACCAAAGAGGAGGGGGACCCAAAGAGGGACCGCCACCGAAAAGGACCAAGAAGGACCAAAAAGGACCAAAGAGGACCAAAGAGGAGGCGGACGGGGCGGGGGGCGA,LEARNA,37.423,51,19.846,-165.3,0.153,98,
GCGAAGCGAACAACGACGAGGACCGAAAAGGAGCGACAAGCAGCGCAAAGCACCGCAAAGGAGCAAAAAGCACCUCGACCCGAAAAGGGAGCGGCACCGAAAAGGACCAGAAAGGACCGCAAAGGACCGCAAAGGACCAAAAAGGAGCCGCACCCAAAAAGGGACGGAGCCCCAAAAGGAGCGCAAAGCACCGCAAAGGACCGACAAGGAGCAGAAAGCACUCCGAGCCGAAAAGGCAGCGAAACCAAAAAGGACCGAAAAGGACCACAAAGGACCGCAAAGGAGCAAAAGGCAUUCGCACCCAGAAAGGGAGGGGGAGCAAAAAGCACCGCAAAGGACCGCAAAGGACCGCAAAGGACCCCAAAGGACCCCCACGUUGUUCGCUUCGC,rlfold,56.658,40,17.127,-141.8,0.165,38,
ACCGCAGACCACACGACCACAAGCGAUUAGCACCGAUUAGGAGCGAAUAGCAGCGAUAAGCAGCGAUUAGCAUGUGGACGGGAAUACCGAAGACAAGCGAUUAGCAACGAUUAGUAGCGACUAGCAGCGAUUAGCAGCGAUUAGCAUGUCUAGGGGAAAACCCAACACAAGCGAUUAGCAGCGAUGAGCACCGAUUAGGAGCGAUUAGCAGCGAUUAGCAUGUGUACAGGACUACUGAAGACAAGCGAUUAGCAGCGAUUAGCAGCGAUUAGCAGCGAUUAGCAGCGAUUAGCAUGUCUACACGAAAAGUGAAGAGAAGCGAUUAGCAGCGAUUAGCAGCGAUUAGCAGCGAUUAGCAGCGAUGAGCAUCUCUACGUGUGGUCUGCGGU,mrlfold,52.664,54,23.419,-139,0.139,21,
CCAAAGACACCGGCGACGAGGAGCGAAAAGCAGCGAAAAGCACCGGAAAGGACCGCAAAGGAGCAACAAGCACCUCGACCGGACCACGGAGCAGGACCAAAAAGGACCGAAAAGGACGGAAAACGACGGCAAACGAGCGAAAAGCACCUGCGCCGGAAAACGGAGCGGGACCAAAAAGGACCGCACAGGACGGAAAACGACCGCAAAGGACGAAGGACGACCCGCAGCCAAAAAGGCAGGAGGACGGAAAACGACGGACAACGACCGGAAAGGACGGCAAACGACGGAGAACGCCCUCCACCGGAAAACGGAGGGGGACGGAGAACGAGCGCAAAGCACCGCAAAGGACCGAAAAGGACGGCAAACGCCCCCCACGCCGGUGUCUUUGG,brlfold,15.98,43,18.001,-141.6,0.151,22,
,,,,,,,,
.......((((.((((.(((.(((....))).(((.(((....))).(((.(((....))).(((.(((....))).(((.......))).))).))).))).))).(...).)))).((((...((.(((...((...))........))).(((.(((....)))(((....)))(((....)))))).))...((((.(...).(((.(((.(((.(((.(((....(((....))).))).(((....))).))).(((....))).))).(((....))).))).((((((....)))(((....))).(((....)))))).))).))))...)))).)))).......,60,355,,,,,,
seq,source,t,hd,md,fe,ed,attempts,86
---, RNAinverse,60.083,,,,,,
---, MODENA,60.036,,,,,,
---, NUPACK,60.039,,,,,,
---, antaRNA,60.027,,,,,,
AUAUUUACCCGACGCCACCCACCCAAAAGGGACGGACGCAAAAGCGAGCCAGGCAACAGCCACCCAGCCAUUAGGCACCGAAAUAAACGGAGGGAGGCACCGAGGGACUAAGAGGCGAGCGGCCUCGACCCUACGCAAAGCACAACACCGGGCCGCAGCCAUUAGGCGGGCCCCCCCCGGAAACCCGGCCACGAUACCCGAGAAACAGCGCCGCCGCCACGGACGCAAAAGGCAAACGCCAGCGAUGCAAUAGCAACCGAGGGAAAACCCAGGCACGGAUAACCGAGCGCCGGCGGAACCCCGCCCCCGCGGGAGGCUAAAGCCCCGACGCACGGGAAACCGCACGGGAUUUAUA,rnaMCTS,63.251,93,30.959,-144.11,0.316,1,
AAAGAAACCCCACCCCACCCACCCAAAAGGGACGCACCCAAAUGGGACGCACCCGAAAGGGACGCACCCAAAAGGGACCCAAUAAAAGGGAGCGAGCGAGCGGGGGACGAAGAGGGGGGCCCAAACCACCCAAACCAAAGGAUAGAAAAGGGACGCACCCAAAAGGGCCCACAGGGGCCCAAAAGGGGCGAGGAAACGCCACGGAGGGCCACCCACCCUCCCGCCCGAAACCCAAAAGGGAGGGAGCCAAAAGGCAGGGACACAAAAGUGAGGGACGAGAGAUCGAGGGACCCCCCAAAAGGGCCCGAAAGGGACCCAAAAGGGGGGAGGCAGGCGAAAGGGCAGGGGAAAAAGA,LEARNA,51.145,24,11.023,-170.37,0.041,127,
AACGAAACCGGAGGGGAGGGAGGGAAAACCCAGGGAGCCAAAAGGCAGGGACCCAAGAGGGAGGGAGGCAAAAGCCACCCAGAAAAAGGGACCCACCCACCCACCCGCAAAGACCCCAGCAGAAAGCAGGGAAAGCAAAGCAAAAAAAACCCAGGGAGGGGAAACCCGCCGCAAGGCGCGAAAACGCCCCAGCAAACCCAACGAAGAGCCAGGGAGGCACGCAGGGAAAAGGGGACACCCACCCAGGGGAGACCCAGCGACGCGACAGCGAGCCACCCAAAAGGGACCCAGCCGACGAAAGUCCCCGACAGGGAGCGGGAACGCGGCAGGCAUGGGAAACUGCACCGGAAGGAAG,rlfold,56.468,8,2.288,-162.57,0.119,38,
UACAAAAGACCAGACAACCAAGACGAUAGUCACCAAGACGAUAGUCAGCAAGACGAUAGUCAGCAACGCGAAAGCGAGCCAUUUUUAGGCAUGCAUGCAUGGAUGGGAUAAUAUGUCAACCAGAACGACAAGAAGGCGACCAAUAAAUAUUGAGGAAGACGUUAGUCGCACAAAUGCGGCGUAAGCCUCCACGAAAGACAAGGACCACCAACCAACCAACCAACCAGAAAGGCGAUAGCCAUGGAGGCGAUAGCCAUGGAGGCGAUAGCCAUGGAGGCGUAAGCCAUGGAGGAAGCGUUAGCUGGCGACAGCCAAGCGAUAGCUUCCAUGGAUGUCGUAUGGUAGGUCAGAAAUU,mrlfold,59.483,27,8.68,-132.6,0.122,30,
AAGGAAACAGGACGGGAGGGAGGCGAAAGCCAGCGAGGCGAGAGCCAGCGAGGCGAAAGCCAGCCAGGCGAAAGCCACCCGAACAAAGGGAGGCCCGCACGCACCCGCGAAGACCCGAGCGCAAAGCAGGGAAAGCAAAGCGGAAAAAACCCAGGGAGGCGACAGCCGCCGAAAGGCGCGAAAACGCCCCAGCAAAGCCCACGAAGAGCCAGGGAGGCAGGCAGGCAAAAGGGGACACCCAGCCAGGGAAAACCCAGCCAGGGGGGACCCAGCCACCGGAAACGGACCCAGCCGCCGAAAGGCGCCGAAAGGCAGCCGGAAGGCGGCAGGCAGGGCAAAGCGCACCUGAAGGAAG,brlfold,35.245,6,1.919,-187.67,0.081,47,
,,,,,,,,
....((((((((....((..(...................)..((...((....))...((....))........))......))))))))))....,60,97,,,,,,
seq,source,t,hd,md,fe,ed,attempts,87
UUCGUAAGAGCCGGAACUACCUACACUGAGAGAAAAUUAUGACCCAUCGCUUUAGCAUCCCUUCUGGGCAAUAUCGGGAAAAGAGGGUUUUUGUAAU,RNAinverse,41.797,15,3.023,-18.6,0.233,4,
---, MODENA,60.036,,,,,,
---, NUPACK,60.028,,,,,,
---, antaRNA,60.024,,,,,,
UUUACGCUAUACAACCCCAAGAAAACCAACCCAAAAACAACAGCGCACGCAACCGCCCCGACCCAACAAAAUCCCCGAUCCUAGGGUAUAGCGAUAA,rnaMCTS,60.237,15,4.38,-15.6,0.13,1,
AAAACCCCCCCGAAAACCGACAAAAAAAAAGAAAAAAAAAGAACCAAACCAAAAGGAAACCAAAAGGAAAAAGAAGGAAAAAAGGCGGGGGGGGAAA,LEARNA,60.07,6,1.246,-22.8,0.072,551,
AAAAGCCCAAGGAAAAGGAAGGGAAAAGAAAAAAAACAAACAAGGACACCGAAAGGAAACCACAAGGAAAAAAAACCAAAAAGCCCCUUGGGCCAAG,rlfold,57.378,6,1.188,-23,0.099,164,
AAAAGCCACACCGAUACCGAGGCCAACAACAAAAAUAAUACAAGCGAAGCGAUAGCAAAGCGUAAGCAUUAAUUAGCAACAAAGGGGUGUGGCACUU,mrlfold,46.545,6,1.129,-24.7,0.088,95,
AAAAGCCAAAGGAAAAGCAAGGAAAAAAAAAAAAAACAACCAAGGAAGGCGAAAGCAAGGCGAAAGCAAAAAAAACCAAAAAAGCCCUUUGGCAAAG,brlfold,44.284,2,0.413,-25.83,0.038,207,
,,,,,,,,
....((((((((.(....)).).).)))))....,60,34,,,,,,
seq,source,t,hd,md,fe,ed,attempts,88
UAAUUGGCCCCUCCGUCAGAAGCGAGGCCAUCAG,RNAinverse,57.735,2,0.851,-9,0.185,318,
---, MODENA,60.031,,,,,,
CCCAGCCACCCAACAUUGGUUGCGCGUGGCAAUC,NUPACK,54.482,2,1.447,-12.9,0.008,14,
UAACUGCGCCUUCUUAACGACAUGAGUGCAUCCC,antaRNA,48.99,4,2.327,-4.6,0.15,9,
UAAAUGAACGGGAGACGGCCACACAGAGCGUAUU,rnaMCTS,60.025,14,4.308,-2.5,0.283,1,
AAAAGCCCCCCCAUAAAAGGAUAGAGGGGCAAAA,LEARNA,59.672,2,1.298,-10.9,0.093,882,
AAAGGGCCGGGGAGGAAACCACGCACGGCCAAAG,rlfold,59.341,2,1.185,-13.6,0.068,569,
UAAAGCGAGACAAGGUUACUAGAUACUCGCAAUU,mrlfold,60.082,4,1.884,-7.3,0.074,460,
AAAGCGCCGGGGAGGAAACCACGCACGGCGAAGA,brlfold,59.815,2,1.185,-12.3,0.071,1098,
,,,,,,,,
......((.((..((..(...(.((.((....))))..)...(.((..((....))..))..)...).))..)))).....................,60,97,,,,,,
seq,source,t,hd,md,fe,ed,attempts,89
CCAGUCUCGCCGAUAUCUAAGCAGCGCGUAUUCGGUUGGGAGCCCUAGGCCAAGGUCCGGAGGAAGGAUGAAGGGAAGGCACGUCACUCGGUUCAUU,RNAinverse,35.051,28,6.623,-23,0.485,3,
---, MODENA,60.025,,,,,,
---, NUPACK,60.031,,,,,,
UUCCUGACUCGUUAGCUACCUCGGUUAGAUUGUUAUCCGGACACGCGUGCUCAUGUGCGCAAUUAAUGCUCUUGGUCAACGUUCGAUUCUUUUUCAA,antaRNA,53.93,22,6.168,-21,0.21,1,
UAAACAGCGCGAAGGAACAAACAGGAGCAAAAGCCCAAGAAAGGCAAAGCGAAAGCAAAGAACAAGGGCCCCCGGCGAUAAGGCCAGUAUAAAGAAG,rnaMCTS,60.012,30,6.598,-18.5,0.183,1,
AGAAAACCACCAACAGGCAAAUACCACCAAAAGGGGAAUAAAUACCAACCAAAAGGAAGGAAUAAAGAUGAAGGGGAAAAAAAAAAAAGAAAAAAAA,LEARNA,21.353,4,1.451,-12.6,0.065,266,
AAGCAAGCAGGAAGGAAGGACGGGGACCGGAAGGCCGACGAACGGCAACCAGAAGGAAGCAAGAAACACCGACCGCAAGAAAAGAAAGAAAGAAGAG,rlfold,46.682,5,1.919,-21.3,0.034,165,
AUAAAACCACGGACCGACGAAGAGCAGCAUUAGCGCAACAACCAGCGAGCGUUAGCAAGCAAGGAAGAGGAACGGGAGCAAAAACAAAAAAAAUAUU,mrlfold,54.78,6,1.635,-16.7,0.056,149,
AAGCAAGCAGGAAGGAAGGAAGGGGGCGGAAACGCCGACGAACAGCAAGCAAAAGCAAGCAAGAAACACCGACCGCAAGAAAAGAAAGAAGAAGAAG,brlfold,44.799,5,1.839,-22.9,0.034,318,
,,,,,,,,
(....)..(....(...(..(.(..(...(((.(((...((((....)))).(((((..(.(((..(.((((..(.((((..(.((((((((.((((((.(((((.((((.((((..((((...)))).))).)))))).))))).)))))).)))))))..).))))..).))))..).)))..).))))).)))...(((.(((((.(..(((.(..((((.(..((((.(..(((((((.((((((.(((((.((((((.(((.((((((....))))))..)))).)))).))))).)))))).)))))))).)..)))).)..)))).)..))).)..))))).((((....))))...))).)))...)..).)..)...)....)..(....),60,400,,,,,,
seq,source,t,hd,md,fe,ed,attempts,90
---, RNAinverse,60.069,,,,,,
---, MODENA,60.022,,,,,,
---, NUPACK,60.024,,,,,,
